Genre,Perspective,Gameplay,Misc,title
Action,Behind view,Stealth,Licensed,Tom Clancy's Splinter Cell: Chaos Theory
Action,Behind view,"Hack and slash, Puzzle elements",,Ninja Gaiden Black
Racing / Driving,"1st-person, Diagonal-down",,,Forza Motorsport
Racing / Driving,"1st-person, Behind view",,,Project Gotham Racing 2
"Action, Racing / Driving","1st-person, Behind view",,,Burnout 3: Takedown
Action,Behind view,"Platform, Puzzle elements",,Prince of Persia: The Sands of Time
Action,Behind view,Stealth,,Tom Clancy's Splinter Cell: Pandora Tomorrow
"Action, Racing / Driving",Behind view,"Sandbox / open world, Shooter",,Grand Theft Auto: San Andreas
Role-playing (RPG),3rd-person (Other),Puzzle elements,Licensed,Star Wars: Knights of the Old Republic
Action,"1st-person, 3rd-person (Other), Diagonal-down",Hack and slash,Regional differences,Ninja Gaiden
Compilation,,,,Rockstar Games Double Pack: Grand Theft Auto
Sports,"1st-person, Diagonal-down",,Licensed,ESPN NFL 2K5
"Action, Racing / Driving","1st-person, Behind view",,,Burnout: Revenge
Sports,Diagonal-down,,Licensed,Madden NFL 2005
Sports,Diagonal-down,,Licensed,NFL 2K3
Action,"1st-person, Behind view",Shooter,,Halo 2
Action,"1st-person, Behind view",Stealth,,Tom Clancy's Splinter Cell
Sports,3rd-person (Other),Tricks / stunts,Licensed,NBA Street V3
Action,3rd-person (Other),"Arcade, Fighting",,SoulCalibur II
"Action, Strategy / tactics","1st-person, Behind view",Shooter,Licensed,Brothers in Arms: Road to Hill 30
Sports,Diagonal-down,,Licensed,Madden NFL 2004
Sports,Behind view,Tricks / stunts,,SSX 3
Racing / Driving,"1st-person, Behind view",,,RalliSport Challenge 2
Sports,"3rd-person (Other), Diagonal-down",,Licensed,World Series Baseball 2K3
Action,"1st-person, Behind view",Shooter,,Crimson Skies: High Road to Revenge
Sports,Behind view,Tricks / stunts,Licensed,Tony Hawk's Pro Skater 3
Action,"1st-person, Behind view","Puzzle elements, Shooter, Stealth",Licensed,The Chronicles of Riddick: Escape from Butcher Bay
Sports,Diagonal-down,,Licensed,ESPN NBA Basketball
Sports,"1st-person, Diagonal-down",,Licensed,ESPN NFL Football
Compilation,,,,The Elder Scrolls III: Morrowind - Game of the Year Edition
Sports,Diagonal-down,,Licensed,Madden NFL 06
Sports,Diagonal-down,Managerial / business simulation,Licensed,ESPN NHL 2K5
Sports,3rd-person (Other),Fighting,,Fight Night Round 2
Sports,Behind view,Tricks / stunts,Licensed,Tony Hawk's Pro Skater 4
Racing / Driving,"1st-person, Behind view",,,RalliSport Challenge
Role-playing (RPG),Behind view,Action RPG,,Jade Empire
Sports,,Managerial / business simulation,Licensed,NCAA Football 2003
Action,"1st-person, Behind view",Shooter,,Halo: Combat Evolved
"Action, Simulation","1st-person, 3rd-person (Other)",Shooter,"Licensed', 'Regional differences",Tom Clancy's Rainbow Six 3: Black Arrow
"Racing / Driving, Simulation","1st-person, Behind view",,Licensed,MotoGP: Ultimate Racing Technology
Sports,Diagonal-down,,Licensed,Madden NFL 2002
"Racing / Driving, Simulation","1st-person, Behind view",,Licensed,Colin McRae Rally 04
Action,1st-person,Shooter,,Far Cry: Instincts
"Racing / Driving, Simulation","1st-person, Behind view",,Licensed,Colin McRae Rally 3
Sports,Behind view,,Licensed,Tiger Woods PGA Tour 2005
Role-playing (RPG),"1st-person, Behind view","Action RPG, Sandbox / open world",,The Elder Scrolls III: Morrowind
Sports,,Managerial / business simulation,Licensed,NCAA Football 2004
Action,3rd-person (Other),"Arcade, Rail shooter",,Panzer Dragoon Orta
Action,"1st-person, 3rd-person (Other)","Shooter, Stealth",Licensed,Tom Clancy's Splinter Cell: Double Agent
Sports,Diagonal-down,Managerial / business simulation,Licensed,ESPN NHL Hockey
Sports,Diagonal-down,,Licensed,NCAA Football 07
Sports,Diagonal-down,,Licensed,NBA 2K6
Sports,Diagonal-down,,Licensed,NBA Street Vol. 2
Sports,"3rd-person (Other), Diagonal-down",,Licensed,NCAA Football 2005
Role-playing (RPG),Diagonal-down,Action RPG,Licensed,X-Men: Legends II - Rise of Apocalypse
Sports,Behind view,,Licensed,Tiger Woods PGA Tour 2004
Action,1st-person,Shooter,,Brothers in Arms: Earned in Blood
Action,Behind view,Tricks / stunts,,JSRF: Jet Set Radio Future
Sports,"3rd-person (Other), Diagonal-down",,Licensed,NCAA Football 06
Sports,Diagonal-down,Managerial / business simulation,,World Soccer: Winning Eleven 8 International
Sports,Diagonal-down,Managerial / business simulation,Licensed,NHL 2K6
Action,1st-person,Shooter,,Doom³
Action,Behind view,"Platform, Puzzle elements, Quick Time Events (QTEs)",,Prince of Persia: The Two Thrones
"Action, Racing / Driving","1st-person, Behind view","Puzzle elements, Shooter, Stealth",,Beyond Good & Evil
Sports,"Behind view, Diagonal-down",,,Top Spin
Action,"1st-person, 3rd-person (Other)","Shooter, Stealth",,Metal Gear Solid 2: Substance
"Racing / Driving, Simulation",Behind view,,Licensed,MotoGP 2
Sports,Diagonal-down,,,Amped 2
Sports,Diagonal-down,,Licensed,ESPN NBA 2K5
"Action, Strategy / tactics","1st-person, Behind view","Shooter, Stealth",Licensed,Tom Clancy's Ghost Recon 2: Summit Strike
"Racing / Driving, Simulation","1st-person, Behind view",,Licensed,Colin McRae Rally 2005
Action,1st-person,"Shooter, Tactical shooter","Licensed', 'Regional differences",Tom Clancy's Rainbow Six 3
Action,Side view,Fighting,,Dead or Alive 3
Action,Behind view,,Licensed,MechAssault
"Action, Compilation",,Fighting,,Dead or Alive: Ultimate
Sports,"Behind view, Diagonal-down",,Licensed,MVP Baseball 2004
Action,Behind view,"Platform, Puzzle elements",,Psychonauts
Action,3rd-person (Other),"[""Beat em up / brawler"", RPG elements, Sandbox / open world",Licensed,The Incredible Hulk: Ultimate Destruction
Racing / Driving,"1st-person, Behind view",,Licensed,MotoGP: Ultimate Racing Technology 3
"Racing / Driving, Simulation","1st-person, Behind view",,Licensed,NASCAR 2005: Chase for the Cup
Sports,Diagonal-down,Managerial / business simulation,Regional differences,World Soccer: Winning Eleven 9
Action,"1st-person, Behind view","Shooter, Stealth",,Hitman 2: Silent Assassin
"Action, Sports",Behind view,Tricks / stunts,Licensed,Kelly Slater's Pro Surfer
Sports,"Behind view, Diagonal-down, Side view",Managerial / business simulation,Licensed,NHL 2004
Racing / Driving,Behind view,Arcade,,OutRun 2
"Action, Racing / Driving",Behind view,Shooter,,Mercenaries: Playground of Destruction
Action,3rd-person (Other),"Puzzle elements, Survival horror",,Silent Hill 2: Restless Dreams
"Action, Adventure","1st-person, 3rd-person (Other)",Quick Time Events (QTEs),,Indigo Prophecy
Role-playing (RPG),Behind view,Action RPG,,Fable: The Lost Chapters
Action,"1st-person, Behind view","Platform, Shooter",,Oddworld: Stranger's Wrath
Action,1st-person,Shooter,,TimeSplitters: Future Perfect
Racing / Driving,"1st-person, Behind view",,Licensed,TOCA Race Driver 2
"Action, Racing / Driving","1st-person, Behind view",,,Burnout 2: Point of Impact
Role-playing (RPG),"1st-person, Behind view",,Licensed,Star Wars: Knights of the Old Republic II - The Sith Lords
Sports,Diagonal-down,,Licensed,NBA 2K2
Sports,Behind view,Tricks / stunts,Licensed,Tony Hawk's Underground
Action,Behind view,Cards / tiles,,Phantom Dust
Sports,Diagonal-down,,Licensed,Madden NFL 2003
Sports,Diagonal-down,,Licensed,NBA 2K7
Sports,"Behind view, Diagonal-down, Side view",Managerial / business simulation,Licensed,NHL 2003
"Racing / Driving, Simulation","1st-person, Behind view",,Licensed,TOCA Race Driver 3
Sports,Behind view,Tricks / stunts,Licensed,Tony Hawk's Pro Skater 2x
"Racing / Driving, Simulation, Sports","1st-person, Behind view",,Licensed,NASCAR Thunder 2002
Sports,,,Licensed,World Series Baseball
Sports,Diagonal-down,,Licensed,NHL Hitz 20-03
Action,Behind view,Shooter,Regional differences,Psi-Ops: The Mindgate Conspiracy
"Action, Simulation, Strategy / tactics",1st-person,Shooter,"Licensed', 'Regional differences",Tom Clancy's Ghost Recon
Action,Behind view,Shooter,Regional differences,Max Payne
Action,"1st-person, Behind view","Shooter, Tactical shooter",Licensed,Tom Clancy's Ghost Recon 2: 2011 - Final Assault
Racing / Driving,"1st-person, Behind view",,Licensed,Midnight Club 3: DUB Edition Remix
Sports,"3rd-person (Other), Diagonal-down",,Licensed,FIFA Soccer 2003
Action,Behind view,Shooter,Licensed,007: Everything or Nothing
Action,1st-person,Shooter,Regional differences,Unreal Championship
Action,3rd-person (Other),Fighting,,Guilty Gear X2: The Midnight Carnival #Reload
Sports,3rd-person (Other),,Licensed,ESPN College Hoops 2K5
Sports,3rd-person (Other),,Licensed,Major League Baseball 2K5
Sports,Diagonal-down,,Licensed,NBA 2K3
Role-playing (RPG),Behind view,Action RPG,,Fable
"Action, Simulation, Strategy / tactics",1st-person,,,Steel Battalion
Action,3rd-person (Other),"Platform, Puzzle elements, Shooter",,Conker: Live & Reloaded
Simulation,Behind view,"Fighting, Quick Time Events (QTEs)",,Shenmue II
Sports,"Behind view, Diagonal-down",Managerial / business simulation,Licensed,NBA Live 2005
Sports,Diagonal-down,,Licensed,NFL 2K2
Action,1st-person,"Arcade, Shooter",,TimeSplitters 2
Sports,Behind view,,,Amped: Freestyle Snowboarding
Racing / Driving,"1st-person, Behind view",,Licensed,Midnight Club 3: DUB Edition
Racing / Driving,"1st-person, Behind view",,,Project Gotham Racing
Action,Behind view,"Platform, Puzzle elements",,Rayman 3: Hoodlum Havoc
Action,3rd-person (Other),Platform,Licensed,LEGO Star Wars II: The Original Trilogy
Compilation,,,,Capcom Classics Collection
Action,Behind view,Shooter,,Metal Arms: Glitch in the System
Sports,Diagonal-down,Managerial / business simulation,Licensed,NHL 2K3
Sports,3rd-person (Other),,,Fight Night 2004
Sports,Behind view,,Licensed,Tony Hawk's American Wasteland
Sports,"Behind view, Diagonal-down",,Licensed,MVP Baseball 2005
Racing / Driving,"1st-person, Behind view",,,Need for Speed: Most Wanted
"Action, Role-playing (RPG)",Behind view,,,Phantasy Star Online: Episode I & II
Action,Side view,Fighting,Licensed,Def Jam: Fight for NY
Action,3rd-person (Other),"Platform, Puzzle elements",,Sphinx and the Cursed Mummy
Action,"1st-person, Behind view",Shooter,Licensed,Peter Jackson's King Kong: The Official Game of the Movie
Action,"1st-person, Behind view",Shooter,,Battlefield 2: Modern Combat
Sports,Behind view,Tricks / stunts,Licensed,Wakeboarding Unleashed featuring Shaun Murray
"Action, Strategy / tactics",Diagonal-down,"Fighting, Stealth",,Sid Meier's Pirates!: Live the Life
Racing / Driving,Behind view,,Licensed,MX Superfly Featuring Ricky Carmichael
Sports,Behind view,,Licensed,Tiger Woods PGA Tour 06
Sports,"Behind view, Diagonal-down",Managerial / business simulation,Licensed,NBA Live 2004
"Simulation, Sports",Diagonal-down,,Licensed,NBA Live 2003
Sports,"Behind view, Diagonal-down, Side view",Managerial / business simulation,Licensed,NHL 06
Action,3rd-person (Other),Music / rhythm,,Dance Dance Revolution: Ultramix
Sports,"Behind view, Diagonal-down, Side view",Managerial / business simulation,Licensed,NHL 2002
Sports,3rd-person (Other),,Licensed,NHL Hitz 20-02
"Action, Sports",3rd-person (Other),Arcade,Licensed,NBA Ballers
Action,"1st-person, 3rd-person (Other)","Puzzle elements, Survival horror",,Fatal Frame II: Crimson Butterfly - Director's Cut
"Action, Sports",Diagonal-down,Tricks / stunts,Licensed,NFL Street
"Racing / Driving, Simulation","1st-person, Behind view",,Licensed,NASCAR Thunder 2003
Sports,Behind view,Tricks / stunts,Licensed,Aggressive Inline
Action,3rd-person (Other),"[""Beat em up / brawler""]",Licensed,The Warriors
Action,Behind view,"Hack and slash, RPG elements",Licensed,The Lord of the Rings: The Return of the King
Sports,Diagonal-down,,Licensed,NCAA College Basketball 2K3
Sports,"3rd-person (Other), Side view, Top-down",,,NCAA March Madness 06
Action,1st-person,Tactical shooter,Licensed,Star Wars: Republic Commando
Action,1st-person,"Puzzle elements, Shooter",Regional differences,Half-Life 2
Sports,,,Licensed,NBA Inside Drive 2002
"Racing / Driving, Simulation","1st-person, Behind view",,,NASCAR Heat 2002
Action,1st-person,Shooter,Regional differences,Call of Duty 3
"Action, Strategy / tactics",3rd-person (Other),"Shooter, Tactical shooter",,Full Spectrum Warrior
Action,"1st-person, Behind view",Shooter,Licensed,Star Wars: Battlefront
"Racing / Driving, Sports","1st-person, Behind view",,,MX vs. ATV Unleashed
Sports,Behind view,Tricks / stunts,,SSX on Tour
Action,3rd-person (Other),Puzzle elements,,Oddworld: Munch's Oddysee
Racing / Driving,"1st-person, Behind view",Arcade,Licensed,OutRun 2006: Coast 2 Coast
Sports,Behind view,Tricks / stunts,,SSX Tricky
Sports,3rd-person (Other),,Licensed,FIFA Soccer 2004
Action,"1st-person, Behind view",Shooter,Regional differences,Call of Duty 2: Big Red One
Sports,Diagonal-down,,Licensed,FIFA Soccer 2005
Sports,Behind view,,Licensed,Tony Hawk's Underground 2
Sports,3rd-person (Other),,Licensed,Disney's Extreme Skate Adventure
Action,3rd-person (Other),,Licensed,Spider-Man
Sports,Diagonal-down,,Licensed,Madden NFL 07
"Action, Simulation, Strategy / tactics",1st-person,Shooter,,Tom Clancy's Ghost Recon: Island Thunder
Sports,Behind view,,Licensed,Tiger Woods PGA Tour 07
Action,"1st-person, Behind view","RPG elements, Shooter",Licensed,Star Wars: Jedi Knight II - Jedi Outcast
"Action, Sports",3rd-person (Other),Fighting,,Fight Night Round 3
Racing / Driving,"1st-person, Behind view",Arcade,Licensed,Need for Speed: Underground 2
Action,1st-person,Shooter,,Return to Castle Wolfenstein: Tides of War
Action,3rd-person (Other),"Arcade, Chess, Fighting, Platform, Puzzle elements",,Mortal Kombat: Deception
Role-playing (RPG),Diagonal-down,"Action RPG, Hack and slash",Licensed,Baldur's Gate: Dark Alliance
Sports,"3rd-person (Other), Top-down",,Licensed,NHL Hitz Pro
Action,3rd-person (Other),,Licensed,Spider-Man 2
Action,Behind view,,Licensed,Ultimate Spider-Man
Sports,3rd-person (Other),,Licensed,College Hoops 2K6
Action,"1st-person, Behind view","RPG elements, Shooter",Licensed,Star Wars: Jedi Knight - Jedi Academy
"Action, Compilation, Puzzle",Behind view,"Arcade, Mini-games, Party game",,Super Monkey Ball Deluxe
"Action, Gambling, Racing / Driving","3rd-person (Other), Behind view","Fighting, RPG elements, Shooter",Regional differences,Gun
Action,"1st-person, Behind view",Shooter,Regional differences,Unreal Championship 2: The Liandri Conflict
"Racing / Driving, Sports",Behind view,,,Splashdown
Simulation,Diagonal-down,"Life / social simulation, Managerial / business simulation",,The Sims
Sports,3rd-person (Other),,Licensed,Rocky
Compilation,,,,Capcom Classics Collection: Volume 2
Sports,Behind view,,Licensed,Tiger Woods PGA Tour 2003
"Role-playing (RPG), Strategy / tactics",3rd-person (Other),,,Kingdom Under Fire: The Crusaders
"Action, Strategy / tactics",Behind view,"Arcade, Hack and slash",,Dynasty Warriors 4
"Racing / Driving, Sports",Behind view,,,MX Unleashed
Sports,3rd-person (Other),,,NFL Fever 2002
Sports,3rd-person (Other),,Licensed,NBA Inside Drive 2003
Action,Behind view,"Platform, Puzzle elements, Quick Time Events (QTEs)",,Lara Croft: Tomb Raider - Legend
Sports,,Arcade,Licensed,MLB SlugFest 20-03
Action,Side view,"Platform, Shooter",,Metal Slug 3
Racing / Driving,"1st-person, Behind view",,Licensed,Need for Speed: Underground
Action,Behind view,"Shooter, Survival horror",Regional differences,The Suffering
"Action, Racing / Driving, Simulation, Sports",3rd-person (Other),,Licensed,MX 2002 featuring Ricky Carmichael
"Action, Racing / Driving","1st-person, Behind view",,,Midnight Club II
Action,3rd-person (Other),"[""Beat em up / brawler""]",Licensed,Buffy the Vampire Slayer
Action,1st-person,"Shooter, Stealth",,Far Cry: Instincts - Evolution
Action,1st-person,Shooter,,Darkwatch
"Racing / Driving, Simulation","1st-person, Behind view",,Licensed,NASCAR 06: Total Team Control
Sports,3rd-person (Other),,,Sega Soccer Slam
Action,"1st-person, Behind view","Shooter, Stealth",,Hitman: Blood Money
Action,3rd-person (Other),"Puzzle elements, Survival horror",,Genma Onimusha
"Action, Simulation",3rd-person (Other),Quick Time Events (QTEs),Licensed,MechAssault 2: Lone Wolf
Action,"1st-person, Behind view",Survival horror,Regional differences,The Suffering: Ties That Bind
Racing / Driving,"1st-person, Behind view",,,Midtown Madness 3
"Racing / Driving, Simulation","1st-person, 3rd-person (Other)",,Licensed,NASCAR Thunder 2004
Special edition,,,,Jade Empire (Limited Edition)
Action,1st-person,"Stealth, Survival horror","Licensed', 'Regional differences",Call of Cthulhu: Dark Corners of the Earth
"Racing / Driving, Simulation","1st-person, Behind view",,Licensed,F1 2001
"Action, Racing / Driving",3rd-person (Other),Fighting,Licensed,Mortal Kombat: Armageddon
Action,1st-person,"Shooter, Stealth",,Deus Ex: Invisible War
Sports,"Behind view, Diagonal-down, Side view",Managerial / business simulation,Licensed,NHL 2005
Sports,3rd-person (Other),,,Links 2004
"Action, Simulation",Behind view,,,Heroes of the Pacific
Action,Behind view,Platform,Licensed,SpongeBob SquarePants: Battle for Bikini Bottom
Simulation,3rd-person (Other),"Board game, Music / rhythm",Licensed,Karaoke Revolution: Party
"Action, Role-playing (RPG), Strategy / tactics",3rd-person (Other),,,Kingdom Under Fire: Heroes
Action,3rd-person (Other),Music / rhythm,,Dance Dance Revolution: Ultramix 2
"Action, Sports",3rd-person (Other),Managerial / business simulation,Licensed,High Heat Major League Baseball 2004
"Simulation, Sports, Strategy / tactics",Text-based / Spreadsheet,Managerial / business simulation,,Championship Manager: Season 01/02
Action,Behind view,Puzzle elements,,Legacy of Kain: Defiance
Sports,3rd-person (Other),,Licensed,MLB SlugFest 20-04
Role-playing (RPG),Diagonal-down,"Action RPG, Hack and slash",Licensed,Baldur's Gate: Dark Alliance II
Action,"1st-person, Behind view",Shooter,,Yager
Sports,"Behind view, Diagonal-down",Managerial / business simulation,Licensed,NBA Live 06
Sports,3rd-person (Other),,Licensed,NCAA March Madness 2004
Sports,,,Licensed,All-Star Baseball 2004
"Action, Compilation","Side view, Top-down",Platform,,Sonic Mega Collection Plus
Sports,Diagonal-down,,Licensed,FIFA Soccer 06
Sports,"Behind view, Diagonal-down",,Licensed,MVP Baseball 2003
Sports,"1st-person, 3rd-person (Other)",,Licensed,MVP 06: NCAA Baseball
Sports,Diagonal-down,,Licensed,2002 FIFA World Cup
"Action, Racing / Driving",Behind view,"Fighting, Sandbox / open world, Shooter",,True Crime: Streets of LA
Sports,3rd-person (Other),,Licensed,ESPN College Hoops
Action,Behind view,Shooter,,Max Payne 2: The Fall of Max Payne
Racing / Driving,"1st-person, Behind view",,,V-Rally 3
Sports,"Behind view, Diagonal-down",,Licensed,All-Star Baseball 2005
Action,Behind view,"[""Beat em up / brawler""]",,Otogi 2: Immortal Warriors
Action,Behind view,Platform,,Dr. Muto
Action,"1st-person, Behind view",Shooter,,Armed and Dangerous
Action,Behind view,Shooter,"Licensed', 'Regional differences",The Thing
Action,Side view,Fighting,,Mortal Kombat: Deadly Alliance
Action,"1st-person, Behind view",Stealth,,Thief: Deadly Shadows
Sports,Top-down,Quick Time Events (QTEs),,Blitz: The League
Action,"1st-person, 3rd-person (Other)",Survival horror,,Silent Hill 4: The Room
Action,Side view,"Arcade, Fighting",,Capcom vs. SNK 2: Mark of the Millennium
Sports,3rd-person (Other),,,RedCard 20-03
Adventure,3rd-person (Other),"Graphic adventure, Puzzle elements, Quick Time Events (QTEs)",,Broken Sword: The Sleeping Dragon
Action,Behind view,Shooter,,Freedom Fighters
Action,"1st-person, 3rd-person (Other)","Shooter, Stealth",,Second Sight
Action,1st-person,Shooter,,Urban Chaos: Riot Response
Sports,,Managerial / business simulation,Licensed,LMA Manager 2004
Compilation,,,,Taito Legends
Action,3rd-person (Other),Hack and slash,Licensed,The Lord of the Rings: The Two Towers
Role-playing (RPG),Diagonal-down,"Action RPG, Quick Time Events (QTEs)",Licensed,Marvel Ultimate Alliance
Action,"1st-person, Behind view","Quick Time Events (QTEs), Shooter",Licensed,The Punisher
"Action, Compilation",Side view,"Arcade, Fighting, Platform",,Mega Man: Anniversary Collection
Sports,3rd-person (Other),,Licensed,NCAA March Madness 2005
Sports,3rd-person (Other),Tricks / stunts,,TransWorld Snowboarding
Role-playing (RPG),Diagonal-down,Action RPG,Licensed,X-Men: Legends
"Role-playing (RPG), Strategy / tactics",3rd-person (Other),,,Gladius
"Action, Sports",3rd-person (Other),Tricks / stunts,Licensed,Mat Hoffman's Pro BMX 2
Sports,3rd-person (Other),Tricks / stunts,Licensed,NFL Street 2
Action,"1st-person, Behind view",Stealth,,Hitman: Contracts
Racing / Driving,"1st-person, Behind view",,,Sega GT 2002
Sports,3rd-person (Other),,Licensed,ESPN Major League Baseball
Sports,"3rd-person (Other), Top-down",Arcade,Licensed,NFL Blitz 20-02
"Action, Simulation, Strategy / tactics",1st-person,,,Steel Battalion: Line of Contact
Action,1st-person,Shooter,,Black
Sports,3rd-person (Other),,,Knockout Kings 2002
Compilation,,,,Midway Arcade Treasures 2
"Action, Racing / Driving","1st-person, Behind view","Sandbox / open world, Shooter","Licensed', 'Regional differences",Scarface: The World Is Yours
Action,"1st-person, 3rd-person (Other)",Shooter,Licensed,Robotech: Battlecry
Action,Behind view,,,Secret Weapons Over Normandy
Racing / Driving,Behind view,,,Crash Nitro Kart
Action,3rd-person (Other),"Platform, Puzzle elements",Licensed,Scooby-Doo!: Night of 100 Frights
Role-playing (RPG),Diagonal-down,Action RPG,Licensed,Dungeons & Dragons: Heroes
Action,Behind view,Hack and slash,,Otogi: Myth of Demons
Action,3rd-person (Other),Puzzle elements,,Tak 2: The Staff of Dreams
Sports,Diagonal-down,Managerial / business simulation,Licensed,NHL 2K7
Sports,Diagonal-down,,Licensed,FIFA World Cup: Germany 2006
"Action, Racing / Driving",Behind view,Shooter,Licensed,007: Nightfire
Racing / Driving,Behind view,,,Quantum Redshift
Action,3rd-person (Other),Platform,,Voodoo Vince
Action,"1st-person, Behind view",Shooter,,Conflict: Desert Storm
Action,"1st-person, Behind view","Platform, Puzzle elements",,Prince of Persia: Warrior Within
Simulation,3rd-person (Other),Life / social simulation,,The Sims 2
Action,1st-person,Shooter,,Serious Sam
Action,3rd-person (Other),"Puzzle elements, Survival horror",,Fatal Frame
Action,"1st-person, Behind view",Shooter,Licensed,Star Wars: Battlefront II
Action,"1st-person, Behind view",,,kill.switch
Action,"1st-person, Behind view",Shooter,,Brute Force
Action,1st-person,Shooter,,Battle Engine Aquila
Racing / Driving,"1st-person, Behind view",,,Apex
Sports,"1st-person, 3rd-person (Other)",,Licensed,World Snooker Championship 2005
Action,3rd-person (Other),Fighting,,Kung Fu Chaos
Simulation,Diagonal-down,Life / social simulation,,The Sims: Bustin' Out
Simulation,3rd-person (Other),"Board game, Music / rhythm",Licensed,Karaoke Revolution
"Action, Simulation","1st-person, Behind view","Shooter, Stealth",Regional differences,Sniper Elite
Sports,3rd-person (Other),,Licensed,NFL Blitz 20-03
"Racing / Driving, Simulation","1st-person, Behind view",,Licensed,Pro Race Driver
Action,1st-person,Shooter,Regional differences,Red Faction II
Action,"1st-person, 3rd-person (Other)",,,Pirates: The Legend of Black Kat
Compilation,,,,Atari: 80 Classic Games in One!
Sports,"1st-person, Top-down",,Licensed,World Championship Snooker 2004
Action,3rd-person (Other),Shooter,,Gunvalkyrie
"Racing / Driving, Sports",Behind view,Tricks / stunts,Licensed,MTX Mototrax
"Action, Sports",3rd-person (Other),Fighting,Licensed,Rocky: Legends
Action,1st-person,Shooter,,Project: Snowblind
Action,Behind view,,,Stubbs the Zombie in Rebel Without a Pulse
Sports,Behind view,,,TransWorld Surf
"Action, Racing / Driving","1st-person, Behind view","Platform, Sandbox / open world",Licensed,The Simpsons: Hit & Run
Adventure,1st-person,"Graphic adventure, Puzzle elements",,Myst IV: Revelation
Action,3rd-person (Other),"[""Beat em up / brawler""]",Regional differences,Mortal Kombat: Shaolin Monks
Action,1st-person,Shooter,Licensed,XIII
Sports,3rd-person (Other),,Licensed,Rugby 06
Action,3rd-person (Other),Music / rhythm,,Dance Dance Revolution: Ultramix 3
Sports,"1st-person, 3rd-person (Other)",Shooter,Licensed,Greg Hastings' Tournament Paintball Max'd
Sports,"1st-person, 3rd-person (Other)",,Licensed,MLB SlugFest Loaded
Role-playing (RPG),Diagonal-down,Action RPG,Licensed,Hunter: The Reckoning
Sports,Behind view,,Licensed,All-Star Baseball 2003
"Action, Compilation",,Fighting,,Street Fighter: Anniversary Collection
Action,3rd-person (Other),,,Tak: The Great Juju Challenge
"Action, Strategy / tactics",3rd-person (Other),"Arcade, Hack and slash, Real-time strategy (RTS)",,Dynasty Warriors 3
Sports,Behind view,,"Licensed', 'Regional differences",Tony Hawk's Project 8
Action,1st-person,Shooter,Licensed,007: Agent Under Fire
Sports,Behind view,,,Real World Golf
Action,1st-person,Shooter,Regional differences,Area-51
Action,3rd-person (Other),"Arcade, Hack and slash",,Samurai Warriors
Action,1st-person,"Shooter, Tactical shooter",,Tom Clancy's Rainbow Six: Lockdown
Racing / Driving,"1st-person, Behind view",,,Juiced
Sports,3rd-person (Other),,Licensed,NBA Ballers: Phenom
Action,3rd-person (Other),Platform,,Pac-Man World 2
"Action, Simulation, Strategy / tactics","1st-person, 3rd-person (Other)","Shooter, Tactical shooter",Regional differences,SWAT: Global Strike Team
Role-playing (RPG),Diagonal-down,Action RPG,,The Bard's Tale
"Racing / Driving, Sports",3rd-person (Other),Tricks / stunts,Licensed,Freestyle MetalX
"Action, Racing / Driving",Behind view,,,XGRA: Extreme G Racing Association
Racing / Driving,"1st-person, Behind view",Arcade,Licensed,Need for Speed: Hot Pursuit 2
Action,"3rd-person (Other), Top-down",RPG elements,Licensed,Justice League Heroes
Sports,Diagonal-down,Managerial / business simulation,Licensed,FIFA Soccer 07
Sports,3rd-person (Other),,Licensed,NFL Fever 2003
Action,3rd-person (Other),"Fighting, Platform",Licensed,Shrek SuperSlam
"Action, Racing / Driving","1st-person, Behind view",Tricks / stunts,Regional differences,FlatOut 2
Sports,"Behind view, Diagonal-down, Side view",Managerial / business simulation,Licensed,NHL 07
Action,Behind view,Puzzle elements,"Licensed', 'Regional differences",Indiana Jones and the Emperor's Tomb
Action,Behind view,Shooter,,Phantom Crash
Action,Behind view,"Metroidvania, Puzzle elements",,Pitfall: The Lost Expedition
Action,Behind view,Shooter,Licensed,Star Wars: Jedi Starfighter
Adventure,3rd-person (Other),"Graphic adventure, Puzzle elements",,Syberia II
Sports,3rd-person (Other),,Licensed,NFL Fever 2004
Role-playing (RPG),1st-person,"Action RPG, Puzzle elements",Regional differences,Arx Fatalis
Action,Behind view,Puzzle elements,Licensed,Buffy the Vampire Slayer: Chaos Bleeds
Action,3rd-person (Other),Puzzle elements,Licensed,Disney's The Haunted Mansion
Action,3rd-person (Other),Platform,Licensed,LEGO Star Wars: The Video Game
Action,Behind view,Shooter,,Total Overdose: A Gunslinger's Tale in Mexico
Sports,3rd-person (Other),,Licensed,NBA Inside Drive 2004
Action,Behind view,"Quick Time Events (QTEs), Shooter",,Red Dead Revolver
Sports,3rd-person (Other),,Licensed,Ultimate Fighting Championship: Tapout
Compilation,,,,Midway Arcade Treasures
"Action, Racing / Driving",Behind view,Shooter,Licensed,007: From Russia with Love
Compilation,,,,The King of Fighters 2002/2003
"Racing / Driving, Simulation","1st-person, Behind view",,Licensed,F1 2002
"Action, Racing / Driving","1st-person, Behind view",,,Burnout
Action,3rd-person (Other),Platform,,Sonic Heroes
Action,Behind view,,,Destroy All Humans!
Action,Behind view,Puzzle elements,,The Legacy of Kain Series: Blood Omen 2
Action,Behind view,Fighting,Licensed,Marc Ecko's Getting Up: Contents Under Pressure
Action,Behind view,"Mini-games, Shooter",Regional differences,Dead to Rights
Adventure,"1st-person, 3rd-person (Other)","Graphic adventure, Puzzle elements",,Still Life
"Action, Role-playing (RPG)",Diagonal-down,Action RPG,Licensed,Hunter: The Reckoning - Redeemer
"Action, Sports",3rd-person (Other),Fighting,,Outlaw Golf
"Simulation, Sports",,,,Tennis Masters Series 2003
Action,1st-person,Shooter,Regional differences,Medal of Honor: Frontline
Sports,"1st-person, 3rd-person (Other)",,Licensed,Major League Baseball 2K6
Action,3rd-person (Other),Platform,Regional differences,Crash Bandicoot: The Wrath of Cortex
Sports,3rd-person (Other),,Licensed,NFL Blitz Pro
Racing / Driving,Behind view,Arcade,,ATV: Quad Power Racing 2
Action,Behind view,Puzzle elements,Licensed,Lemony Snicket's A Series of Unfortunate Events
Action,3rd-person (Other),,,Crimson Sea
Action,1st-person,Shooter,Regional differences,Medal of Honor: European Assault
Action,3rd-person (Other),Shooter,,Raze's Hell
Strategy / tactics,Diagonal-down,"Real-time tactics (RTT), Stealth",Regional differences,Commandos 2: Men of Courage
"Educational, Simulation, Strategy / tactics","1st-person, Diagonal-down",,,Jurassic Park: Operation Genesis
Action,Behind view,,,Blazing Angels: Squadrons of WWII
Adventure,3rd-person (Other),"Graphic adventure, Puzzle elements",,Dreamfall: The Longest Journey
"Simulation, Sports",3rd-person (Other),Managerial / business simulation,Licensed,LMA Manager 2005
"Action, Racing / Driving","1st-person, 3rd-person (Other)",,,Wreckless: The Yakuza Missions
Action,3rd-person (Other),"Platform, Puzzle elements",Licensed,Madagascar
"Gambling, Strategy / tactics","1st-person, 3rd-person (Other)",Cards / tiles,Licensed,World Championship Poker 2 featuring Howard Lederer
Racing / Driving,"1st-person, Behind view",Arcade,Licensed,Need for Speed: Carbon
Strategy / tactics,Top-down,,,Dai Senryaku VII: Modern Military Tactics
Action,3rd-person (Other),"Platform, Puzzle elements",,I-Ninja
Action,Behind view,Shooter,,Conflict: Desert Storm II - Back to Baghdad
"Action, Sports",Diagonal-down,,,Outlaw Volleyball
Sports,Diagonal-down,,Licensed,NBA Live 2002
"Action, Strategy / tactics",Behind view,Shooter,Regional differences,Full Spectrum Warrior: Ten Hammers
Racing / Driving,"1st-person, Behind view",,,Test Drive
Racing / Driving,Behind view,,,Mad Dash Racing
Special edition,,,,Halo 2 (Limited Collector's Edition)
Sports,Behind view,Tricks / stunts,Licensed,Dave Mirra Freestyle BMX 2
"Action, Compilation",1st-person,Shooter,,Painkiller: Hell Wars
Action,1st-person,"RPG elements, Shooter",Licensed,Tron 2.0
Action,3rd-person (Other),,,ObsCure
Sports,Diagonal-down,,Licensed,UEFA Euro 2004 Portugal
"Action, Racing / Driving",Behind view,Shooter,,Driver: Parallel Lines
Action,3rd-person (Other),"Fighting, Platform",Licensed,Digimon Rumble Arena 2
Action,1st-person,Rail shooter,,The House of the Dead III
Simulation,3rd-person (Other),Life / social simulation,,The Urbz: Sims in the City
"Action, Racing / Driving",Behind view,,,Crash Tag Team Racing
Role-playing (RPG),"3rd-person (Other), Behind view",Japanese-style RPG (JRPG),Licensed,The Lord of the Rings: The Third Age
Role-playing (RPG),"1st-person, Behind view","Action RPG, Hack and slash, Puzzle elements",,Enclave
Sports,3rd-person (Other),,Licensed,Rugby 2005
Sports,"Diagonal-down, Side view",Arcade,Licensed,NBA Jam
Racing / Driving,Behind view,"Arcade, Shooter",Licensed,Spy Hunter
"Simulation, Sports","1st-person, 3rd-person (Other)",,,ProStroke Golf: World Tour 2007
Sports,3rd-person (Other),,,Outlaw Golf 2
"Action, Simulation",Behind view,,Licensed,Star Wars: Starfighter
"Action, Sports",3rd-person (Other),Fighting,,Deathrow
Action,1st-person,Shooter,Regional differences,Pariah
"Action, Racing / Driving",Top-down,Arcade,,Mashed: Drive to Survive
"Action, Racing / Driving",3rd-person (Other),,Licensed,DreamWorks Shark Tale
Sports,3rd-person (Other),,Licensed,College Hoops NCAA 2K7
"Racing / Driving, Simulation","1st-person, Behind view",,Licensed,F1 Career Challenge
Action,1st-person,Shooter,,Silent Scope Complete
Action,1st-person,"[""Beat em up / brawler"", Shooter",,Breakdown
"Racing / Driving, Simulation","1st-person, Behind view",,Licensed,NASCAR 07
Sports,"1st-person, 3rd-person (Other)",Shooter,Licensed,Greg Hastings' Tournament Paintball
Action,"1st-person, 3rd-person (Other)",,Licensed,Batman: Vengeance
Action,Behind view,"Mini-games, Puzzle elements",Licensed,Harry Potter and the Chamber of Secrets
Adventure,3rd-person (Other),"Graphic adventure, Puzzle elements",,Syberia
"Action, Sports",3rd-person (Other),,,WWE Raw 2
Action,"3rd-person (Other), Top-down",Fighting,Licensed,Godzilla: Destroy All Monsters Melee
Action,1st-person,Shooter,Regional differences,Men of Valor
Sports,"Behind view, Diagonal-down",Managerial / business simulation,Licensed,NBA Live 07
Action,3rd-person (Other),"Arcade, Music / rhythm",,Dance Dance Revolution: Ultramix 4
Action,"1st-person, Behind view",Shooter,Regional differences,Call of Duty: Finest Hour
Action,Behind view,Puzzle elements,,Destroy All Humans! 2
Action,1st-person,Pinball,Licensed,Pinball Hall of Fame: The Gottlieb Collection
Racing / Driving,"1st-person, Behind view",,Licensed,IndyCar Series
Action,"1st-person, 3rd-person (Other)",Platform,,Scaler
Action,3rd-person (Other),Fighting,,KOF: Maximum Impact
Sports,3rd-person (Other),,Licensed,NCAA College Football 2K3
Puzzle,Side view,Falling block puzzle,,Puyo Pop Fever
Action,1st-person,Tactical shooter,,Close Combat: First to Fight
Action,3rd-person (Other),"Platform, Puzzle elements",,Whiplash
Action,Behind view,Hack and slash,Regional differences,BloodRayne
Action,Behind view,Platform,,Vexx
Action,Diagonal-down,"Arcade, Puzzle elements, RPG elements",,Gauntlet: Dark Legacy
"Action, Role-playing (RPG)",3rd-person (Other),,,Castlevania: Curse of Darkness
"Gambling, Sports",3rd-person (Other),,,Dead or Alive: Xtreme Beach Volleyball
"Action, Racing / Driving",,Shooter,,RoadKill
"Racing / Driving, Simulation","1st-person, Behind view",,,World Racing
Action,3rd-person (Other),"Platform, Puzzle elements",Licensed,The SpongeBob SquarePants Movie
"Racing / Driving, Simulation","1st-person, 3rd-person (Other)",,Licensed,IndyCar Series 2005
Sports,3rd-person (Other),,,Outlaw Tennis
"Action, Racing / Driving",Top-down,Arcade,,Drive to Survive
"Action, Compilation",Side view,"Arcade, Platform, Shooter",,Metal Slug 4 & 5
Role-playing (RPG),3rd-person (Other),Action RPG,,Sudeki
"Action, Racing / Driving","1st-person, Behind view",Tricks / stunts,Regional differences,FlatOut
Action,3rd-person (Other),"Music / rhythm, Puzzle elements",,Shrek 2
Action,"1st-person, 3rd-person (Other)","Puzzle elements, Shooter",,Curse: The Eye of Isis
Action,"1st-person, Behind view",Shooter,Licensed,Star Wars: The Clone Wars
"Racing / Driving, Simulation","1st-person, Behind view",,,Total Immersion Racing
Action,Behind view,Platform,,Pac-Man World 3
Racing / Driving,"1st-person, Behind view",,Licensed,Sega GT Online
Action,Behind view,Shooter,,Blood Wake
Action,"3rd-person (Other), Side view, Top-down","Arcade, Shooter",,Xyanide
Racing / Driving,"1st-person, Behind view",,,Power Drome
Action,Behind view,"Puzzle elements, Survival horror",,Cold Fear
"Action, Racing / Driving",3rd-person (Other),Platform,,Ty the Tasmanian Tiger 2: Bush Rescue
Action,Diagonal-down,"Fighting, Trading / collectible card",Licensed,Magic: The Gathering - Battlegrounds
Sports,Behind view,,Licensed,ESPN Winter X Games Snowboarding 2002
"Racing / Driving, Simulation","1st-person, Behind view",,Licensed,Richard Burns Rally
Action,3rd-person (Other),Shooter,,Fire Blade
Action,"1st-person, Behind view",,,Wings of War
Action,Diagonal-down,,,Spartan: Total Warrior
"Simulation, Strategy / tactics","1st-person, 3rd-person (Other)","Board game, Managerial / business simulation",,Thrillville
Sports,Diagonal-down,,,Sensible Soccer 2006
Action,3rd-person (Other),Stealth,,Tenchu: Return from Darkness
"Action, Racing / Driving","1st-person, Behind view","Arcade, Shooter",Regional differences,Mafia
Racing / Driving,"1st-person, Behind view",,,Test Drive: Eve of Destruction
Sports,Diagonal-down,,Licensed,NHL Rivals 2004
Action,Behind view,"Platform, Puzzle elements",,Spyro: A Hero's Tail
Action,Behind view,Platform,,Ty the Tasmanian Tiger
Racing / Driving,"3rd-person (Other), Behind view",Arcade,,Crazy Taxi 3: High Roller
Action,Behind view,,Regional differences,BloodRayne 2
"Action, Simulation","1st-person, Behind view",Shooter,Licensed,Battlestar Galactica
Racing / Driving,"1st-person, Behind view",,Licensed,Ford Racing 2
Action,3rd-person (Other),,Licensed,"The Chronicles of Narnia: The Lion, the Witch and the Wardrobe"
Action,Behind view,Shooter,,Advent Rising
"Action, Racing / Driving",Behind view,Shooter,,Just Cause
"Action, Racing / Driving",Behind view,,,American McGee presents Scrapland
"Action, Role-playing (RPG)",3rd-person (Other),,Licensed,Forgotten Realms: Demon Stone
Action,Behind view,Shooter,Licensed,Evil Dead: Regeneration
"Action, Racing / Driving",Behind view,,Licensed,Terminator 3: The Redemption
Sports,,,Licensed,World Championship Pool 2004
"Action, Compilation",,Arcade,,Midway Arcade Treasures 3
"Action, Racing / Driving","1st-person, 3rd-person (Other)",Stealth,Licensed,Batman Begins
"Action, Racing / Driving",Behind view,,,Chase: Hollywood Stunt Driver
Racing / Driving,"1st-person, Behind view",,Licensed,Disney•Pixar Cars
Action,Behind view,,Licensed,X2: Wolverine's Revenge
Action,1st-person,"Shooter, Tactical shooter",Licensed,Tom Clancy's Rainbow Six: Critical Hour
Action,3rd-person (Other),Fighting,,Bloody Roar Extreme
Action,3rd-person (Other),"Platform, Puzzle elements",Licensed,Ice Age 2: The Meltdown
Action,"1st-person, 3rd-person (Other)",,,Headhunter: Redemption
Action,3rd-person (Other),"Puzzle elements, Quick Time Events (QTEs)",,Grabbed by the Ghoulies
Action,Behind view,,Licensed,Wallace & Gromit: The Curse of the Were-Rabbit
Action,"1st-person, Behind view",Shooter,,Special Forces: Nemesis Strike
Action,3rd-person (Other),Puzzle elements,Licensed,Harry Potter and the Prisoner of Azkaban
Action,Behind view,Puzzle elements,,Blinx: The Time Sweeper
Action,"Behind view, Side view","Platform, Sandbox / open world",,Crash Twinsanity
"Action, Strategy / tactics","1st-person, Behind view","Shooter, Stealth, Tactical shooter",,Conflict: Global Terror
Action,1st-person,"Shooter, Tactical shooter",,America's Army: Rise of a Soldier
Compilation,,,,Namco Museum
Strategy / tactics,Diagonal-down,,,Goblin Commander: Unleash the Horde
Sports,3rd-person (Other),,,Slam Tennis
Racing / Driving,Behind view,Shooter,Licensed,Starsky & Hutch
Racing / Driving,3rd-person (Other),,,Crash 'N' Burn
Action,3rd-person (Other),Platform,Regional differences,Gladiator: Sword of Vengeance
Action,3rd-person (Other),Puzzle elements,Licensed,Harry Potter and the Goblet of Fire
Sports,3rd-person (Other),,,Legends of Wrestling II
Action,Behind view,Shooter,Licensed,Rogue Trooper
Action,"1st-person, Behind view",Shooter,,Serious Sam II
Action,3rd-person (Other),Platform,,ToeJam & Earl III: Mission to Earth
Action,Behind view,"Arcade, Puzzle elements",Licensed,Æon Flux
Sports,3rd-person (Other),,Licensed,Harry Potter: Quidditch World Cup
Action,Behind view,"Puzzle elements, Shooter, Stealth",,Cold War
Action,3rd-person (Other),"[""Beat em up / brawler"", Platform",Licensed,The Incredibles: Rise of the Underminer
Strategy / tactics,"1st-person, Behind view, Top-down",Artillery,,Worms 4: Mayhem
Sports,,Fighting,Licensed,Godzilla: Save the Earth
Action,3rd-person (Other),"Quick Time Events (QTEs), Stealth",,Rogue Ops
"Action, Racing / Driving",Behind view,,Licensed,The Godfather: The Game
Action,3rd-person (Other),Stealth,Licensed,Alias
"Racing / Driving, Sports","1st-person, Behind view",,Licensed,Ski Racing 2005: Featuring Hermann Maier
Action,Side view,,,Blowout
"Action, Strategy / tactics",Diagonal-down,"Arcade, Fighting",,Wrath Unleashed
Sports,,,Licensed,UEFA Champions League 2004-2005
Action,1st-person,Shooter,"Licensed', 'Regional differences",Die Hard: Vendetta
Action,Side view,"Arcade, Fighting",,The King of Fighters: Neowave
Adventure,1st-person,"Graphic adventure, Puzzle elements",,Myst III: Exile
Action,Side view,Fighting,Licensed,Marvel Vs. Capcom 2: New Age Of Heroes
Action,3rd-person (Other),"Arcade, Puzzle elements",Licensed,Disney's Chicken Little
Adventure,3rd-person (Other),,,Shadow of Destiny
Puzzle,"Diagonal-down, Top-down","Board game, Game show / trivia / quiz",Licensed,Trivial Pursuit: Unhinged
Action,3rd-person (Other),,Licensed,King Arthur
Racing / Driving,"1st-person, Behind view",,Licensed,Ford Mustang: The Legend Lives
Action,Behind view,"Puzzle elements, Shooter",,Blinx 2: Masters of Time & Space
Action,Behind view,Shooter,Regional differences,True Crime: New York City
Action,3rd-person (Other),,Licensed,Disney•Pixar Finding Nemo
Compilation,,,,Intellivision Lives!
Sports,3rd-person (Other),,Licensed,MLB SlugFest 2006
Action,Behind view,,Licensed,Spawn: Armageddon
Action,3rd-person (Other),,Licensed,The Hobbit
Action,3rd-person (Other),Shooter,Licensed,Reign of Fire
"Racing / Driving, Sports","1st-person, Behind view",,Licensed,4x4 Evo 2
Sports,,,,International Superstar Soccer 2
Action,"1st-person, 3rd-person (Other)",Hack and slash,,Knights of the Temple: Infernal Crusade
Action,"1st-person, Behind view","Shooter, Stealth",Licensed,Mission: Impossible - Operation Surma
"Simulation, Sports, Strategy / tactics",3rd-person (Other),Managerial / business simulation,Licensed,NFL Head Coach
Action,Behind view,"Arcade, Shooter",,Gun Metal
Strategy / tactics,Diagonal-down,,,Shattered Union
"Racing / Driving, Sports","1st-person, Behind view",,Licensed,Ski Racing 2006: Featuring Hermann Maier
Strategy / tactics,"1st-person, Behind view, Top-down",Artillery,,Worms 3D
Action,3rd-person (Other),"Platform, Puzzle elements",,Galleon
"Action, Strategy / tactics",Behind view,Shooter,,Conflict: Vietnam
Action,3rd-person (Other),"Fighting, Puzzle elements",,Alter Echo
Action,Top-down,"Puzzle elements, RPG elements",Licensed,Avatar: The Last Airbender
Racing / Driving,"1st-person, Behind view",,Licensed,SRS: Street Racing Syndicate
Sports,Behind view,Tricks / stunts,,Dark Summit
Racing / Driving,"1st-person, Behind view",,,Test Drive: Off-Road - Wide Open
Action,3rd-person (Other),"Arcade, Platform, Puzzle elements",,Egg Mania: Eggstreme Madness
Action,3rd-person (Other),"Hack and slash, Music / rhythm",Licensed,Tim Burton's The Nightmare Before Christmas: Oogie's Revenge
Action,Behind view,Hack and slash,Licensed,Conan
Sports,3rd-person (Other),,Licensed,Inside Pitch 2003
Action,3rd-person (Other),"[""Beat em up / brawler""]",Licensed,Teenage Mutant Ninja Turtles 3: Mutant Nightmare
Sports,,,Licensed,Club Football: 2003/04 Season
Action,3rd-person (Other),Puzzle elements,Licensed,Scooby-Doo!: Unmasked
"Action, Sports",3rd-person (Other),Fighting,Licensed,Ultimate Fighting Championship: Tapout 2
"Action, Strategy / tactics",Behind view,Hack and slash,,Dynasty Warriors 5
Action,Side view,Shooter,Regional differences,Alien Hominid
Action,3rd-person (Other),"Platform, Shooter",Licensed,Van Helsing
Action,Behind view,,Licensed,Taz: Wanted
"Action, Racing / Driving","1st-person, Behind view",,,Circus Maximus: Chariot Wars
Action,Behind view,"Platform, Puzzle elements",Licensed,Dragon's Lair 3D: Return to the Lair
"Action, Racing / Driving",Diagonal-down,Arcade,,Big Bumpin'
"Action, Racing / Driving",3rd-person (Other),"Arcade, Platform, Puzzle elements",,Ty the Tasmanian Tiger 3: Night of the Quinkan
Action,3rd-person (Other),Survival horror,,Run Like Hell
Racing / Driving,Top-down,,Licensed,Micro Machines
Action,Behind view,Platform,Licensed,The Incredibles
Role-playing (RPG),Behind view,,Licensed,Pirates of the Caribbean
Action,Side view,Fighting,Licensed,X-Men: Next Dimension
Action,"3rd-person (Other), Top-down","Arcade, Pinball",,Pure Pinball: American Pinball Reborn
Action,1st-person,Shooter,Regional differences,Turok: Evolution
Action,1st-person,Shooter,,Mace Griffin: Bounty Hunter
Action,Behind view,Stealth,,Manhunt
Racing / Driving,"1st-person, Behind view",,Licensed,Rally Fusion: Race of Champions
Sports,3rd-person (Other),,,Rapala Pro Fishing
Racing / Driving,"1st-person, Behind view",Managerial / business simulation,,Big Mutha Truckers
Compilation,,,Regional differences,RollerCoaster Tycoon: Gold Edition
Racing / Driving,"1st-person, Behind view",,Licensed,Ford Racing 3
Action,3rd-person (Other),"[""Beat em up / brawler""]",,State of Emergency
Action,Behind view,Puzzle elements,Licensed,Open Season
Action,3rd-person (Other),"[""Beat em up / brawler""]",Licensed,Batman: Rise of Sin Tzu
Action,Behind view,Platform,,Kao the Kangaroo: Round 2
Sports,,,Licensed,Club Football 2005
Action,3rd-person (Other),"[""Beat em up / brawler""]",Licensed,The Matrix: Path of Neo
Action,1st-person,Shooter,,Dead Man's Hand
Action,3rd-person (Other),,Licensed,Harry Potter and the Sorcerer's Stone
Action,3rd-person (Other),"Board game, Game show / trivia / quiz, Shooter",,Whacked!
Sports,3rd-person (Other),,Licensed,WWF Raw
Action,Behind view,,Licensed,Constantine
Action,1st-person,Shooter,,Commandos: Strike Force
Action,3rd-person (Other),"[""Beat em up / brawler""]",Licensed,Hulk
Racing / Driving,"1st-person, Behind view",,,R:Racing Evolution
Action,3rd-person (Other),,Licensed,Fantastic 4
Racing / Driving,"1st-person, 3rd-person (Other), Top-down",Tricks / stunts,Licensed,Hot Wheels: Stunt Track Challenge
Racing / Driving,3rd-person (Other),"Arcade, Tricks / stunts",,Totaled!
Action,Side view,"Board game, Game show / trivia / quiz, Music / rhythm, Paddle / Pong, Puzzle elements",Licensed,"SpongeBob SquarePants: Lights, Camera, Pants!"
Action,3rd-person (Other),"[""Beat em up / brawler""]",Licensed,Star Wars: Episode III - Revenge of the Sith
Action,Behind view,Shooter,,Shellshock: Nam '67
Sports,Diagonal-down,Tricks / stunts,Licensed,FIFA Street
"Action, Simulation","1st-person, Behind view",,,AirForce Delta Storm
Sports,Diagonal-down,Tricks / stunts,Licensed,FIFA Street 2
Strategy / tactics,Diagonal-down,,,Ghost Master: The Gravenville Chronicles
Racing / Driving,Behind view,Arcade,Licensed,The Simpsons: Road Rage
Action,3rd-person (Other),,Licensed,Robotech: Invasion
Action,Behind view,"Arcade, Shooter",,Defender
Racing / Driving,"1st-person, Behind view",,Licensed,Group S Challenge
Action,1st-person,Shooter,"Licensed', 'Regional differences",Soldier of Fortune II: Double Helix
Strategy / tactics,3rd-person (Other),Turn-based strategy (TBS),,Future Tactics: The Uprising
Action,1st-person,Shooter,,Shadow Ops: Red Mercury
Action,Behind view,Platform,Licensed,Robots
"Gambling, Strategy / tactics","3rd-person (Other), Top-down",Cards / tiles,,Stacked with Daniel Negreanu
Action,1st-person,Shooter,,Medal of Honor: Rising Sun
"Action, Racing / Driving",Behind view,,,Cel Damage
Sports,3rd-person (Other),,Licensed,Barbie Horse Adventures: Wild Horse Rescue
Action,"1st-person, Behind view",,Licensed,Enter the Matrix
Racing / Driving,"1st-person, Behind view",Managerial / business simulation,,Big Mutha Truckers 2
"Action, Compilation, Simulation",1st-person,"Shooter, Tactical shooter",,Operation Flashpoint: Elite
Racing / Driving,,Arcade,,Auto Modellista
Action,3rd-person (Other),Stealth,,Prisoner of War: World War II
"Action, Adventure",3rd-person (Other),Puzzle elements,Licensed,Scooby-Doo!: Mystery Mayhem
Action,"3rd-person (Other), Behind view","Platform, Puzzle elements, Shooter",Licensed,Futurama
"Action, Racing / Driving",Behind view,Arcade,,Freaky Flyers
Compilation,,,,Namco Museum: 50th Anniversary
"Action, Compilation",1st-person,Shooter,,Vietcong: Purple Haze
Action,Side view,Fighting,,Samurai Shodown V
Racing / Driving,Behind view,Arcade,,Sonic Riders
Action,"1st-person, 3rd-person (Other)","Mini-games, Puzzle elements, Quick Time Events (QTEs)",,Leisure Suit Larry: Magna Cum Laude
Action,Behind view,"Platform, Puzzle elements",,Tork: Prehistoric Punk
Action,Behind view,Shooter,Licensed,Evil Dead: A Fistful of Boomstick
"Action, Racing / Driving","1st-person, Behind view",,Licensed,The Italian Job
"Action, Strategy / tactics","1st-person, 3rd-person (Other)",,,Robin Hood: Defender of the Crown
Action,Side view,Fighting,,Capcom Fighting Evolution
Action,1st-person,Shooter,Regional differences,Counter-Strike
Sports,3rd-person (Other),,,Street Hoops
Sports,Diagonal-down,,Licensed,Arena Football
Action,3rd-person (Other),"Platform, Puzzle elements",Licensed,Wallace & Gromit in Project Zoo
Action,Behind view,,Licensed,Dinotopia: The Sunstone Odyssey
"Action, Racing / Driving",Behind view,,,PocketBike Racer
Sports,3rd-person (Other),,Licensed,Fila World Tour Tennis
Racing / Driving,"1st-person, Behind view",,,Carve
"Simulation, Sports",3rd-person (Other),Managerial / business simulation,Licensed,LMA Manager 2006
Sports,,,Licensed,David Beckham Soccer
Racing / Driving,Behind view,,,L. A. Rush
"Gambling, Strategy / tactics",3rd-person (Other),Cards / tiles,,World Championship Poker
"Action, Strategy / tactics",Diagonal-down,,Licensed,Aliens Versus Predator: Extinction
"Simulation, Strategy / tactics",Diagonal-down,Managerial / business simulation,Licensed,Playboy: The Mansion
Action,Diagonal-down,"Arcade, Puzzle elements",,Gauntlet: Seven Sorrows
Action,"1st-person, Behind view","Platform, Puzzle elements, Stealth",,Carmen Sandiego: The Secret of the Stolen Drums
Sports,"1st-person, 3rd-person (Other)",,,Strike Force Bowling
Action,Behind view,"Platform, Puzzle elements",Licensed,"Ed, Edd n Eddy: The Mis-Edventures"
Racing / Driving,"1st-person, Behind view",,,Monster 4x4: World Circuit
Racing / Driving,"1st-person, Behind view","Arcade, Shooter",,Spy Hunter 2
Action,"1st-person, 3rd-person (Other)",Shooter,Regional differences,Delta Force: Black Hawk Down
"Action, Role-playing (RPG)",Diagonal-down,"Action RPG, Shooter",,Fallout: Brotherhood of Steel
"Action, Racing / Driving","1st-person, Behind view",Shooter,,Maximum Chase
Action,Side view,Fighting,,Tao Feng: Fist of the Lotus
Action,3rd-person (Other),Puzzle elements,Licensed,The Lord of the Rings: The Fellowship of the Ring
"Racing / Driving, Sports","1st-person, Behind view",,,MX World Tour
Action,Diagonal-down,"Board game, Mini-games",,Fuzion Frenzy
Action,1st-person,Shooter,,Tom Clancy's Ghost Recon: Advanced Warfighter
Action,Diagonal-down,"Arcade, Fighting",Licensed,Loons: The Fight for Fame
Action,3rd-person (Other),,Licensed,Over the Hedge
Action,Behind view,,Licensed,Star Wars: Obi-Wan
Action,3rd-person (Other),Fighting,Licensed,Marvel Nemesis: Rise of the Imperfects
"Simulation, Sports","3rd-person (Other), Behind view",,Licensed,ESPN International Winter Sports 2002
Action,3rd-person (Other),"[""Beat em up / brawler"", RPG elements",Licensed,Dragon Ball Z: Sagas
"Gambling, Strategy / tactics","3rd-person (Other), Top-down",Cards / tiles,Licensed,World Series of Poker
Sports,3rd-person (Other),,Licensed,Ultimate Beach Soccer
Action,1st-person,Shooter,"Licensed', 'Regional differences",Judge Dredd: Dredd vs Death
Action,Behind view,"Arcade, Shooter",,SeaBlade
Action,Side view,"Arcade, Fighting",,SVC Chaos: SNK vs. Capcom
Action,"3rd-person (Other), Diagonal-down","Platform, Shooter",,Zapper: One Wicked Cricket!
Action,1st-person,Shooter,,WarPath
Action,1st-person,Shooter,Regional differences,Unreal II: The Awakening
Action,1st-person,Shooter,Licensed,GoldenEye: Rogue Agent
Action,3rd-person (Other),Fighting,,New Legends
Sports,3rd-person (Other),,,Triple Play 2002
"Action, Racing / Driving","Behind view, Side view",Fighting,,Rayman Arena
"Racing / Driving, Simulation","1st-person, Behind view",,Licensed,World Racing 2
Sports,,,Licensed,Legends of Wrestling
Racing / Driving,"1st-person, Behind view",,Licensed,Ford Bold Moves Street Racing
"Adventure, Compilation",1st-person,Puzzle elements,Licensed,CSI: Crime Scene Investigation
Role-playing (RPG),"Behind view, Diagonal-down",Puzzle elements,,Nightcaster: Defeat the Darkness
Racing / Driving,"1st-person, Behind view",,,Arctic Thunder
Action,Diagonal-down,"Arcade, Puzzle elements",,Frogger: Ancient Shadow
Racing / Driving,Behind view,Arcade,Licensed,Antz Extreme Racing
Action,3rd-person (Other),"Arcade, ""Beat em up / brawler"", Fighting",,Spikeout: Battle Street
Strategy / tactics,"1st-person, Top-down",Board game,Licensed,Monopoly Party
Racing / Driving,"1st-person, 3rd-person (Other)",Arcade,,Speed Kings
Action,Diagonal-down,"[""Beat em up / brawler""]",Licensed,Teenage Mutant Ninja Turtles 2: Battle Nexus
Action,3rd-person (Other),,Licensed,Superman Returns
Action,Behind view,,Licensed,Blade II
Action,3rd-person (Other),,,Knight's Apprentice: Memorick's Adventures
Sports,Behind view,Tricks / stunts,,Toxic Grind
Racing / Driving,Behind view,Arcade,Licensed,The Dukes of Hazzard: Return of the General Lee
Action,Behind view,,Licensed,Crouching Tiger Hidden Dragon
Action,1st-person,Shooter,,Combat: Task Force 121
"Action, Puzzle",Side view,Falling block puzzle,,Tetris Worlds
Sports,3rd-person (Other),,,Showdown: Legends of Wrestling
Action,Behind view,Shooter,Licensed,Reservoir Dogs
Gambling,"1st-person, 3rd-person (Other)",Cards / tiles,Licensed,Bicycle Casino
Strategy / tactics,"1st-person, Behind view, Top-down",Artillery,,Worms Forts: Under Siege
"Racing / Driving, Sports",3rd-person (Other),Tricks / stunts,,Crusty Demons
Racing / Driving,Behind view,,,Top Gear: RPM Tuning
Sports,Behind view,Tricks / stunts,,BMX XXX
Sports,Diagonal-down,,Licensed,ESPN NFL Primetime 2002
"Racing / Driving, Simulation",Behind view,,Licensed,Lotus Challenge
Action,"3rd-person (Other), Side view, Top-down","Board game, Puzzle elements",Licensed,Shrek: Super Party
Sports,3rd-person (Other),,,WWE WrestleMania 21
"Action, Simulation","1st-person, 3rd-person (Other)",,,Gungriffon: Allied Strike
Role-playing (RPG),Diagonal-down,Action RPG,,Black Stone: Magic & Steel
Action,3rd-person (Other),"[""Beat em up / brawler"", Fighting",,Beat Down: Fists of Vengeance
"Action, Sports",1st-person,Shooter,Licensed,SPLAT Magazine: Renegade Paintball
"Action, Racing / Driving","1st-person, Behind view","Sandbox / open world, Shooter",,Driv3r
Action,"1st-person, 3rd-person (Other)",Shooter,Licensed,The Terminator: Dawn of Fate
Action,Side view,"[""Beat em up / brawler"", Hack and slash",Licensed,X-Men: The Official Game
Action,Diagonal-down,"[""Beat em up / brawler""]",Licensed,Teenage Mutant Ninja Turtles
Action,Behind view,Shooter,Licensed,50 Cent: Bulletproof
"Action, Racing / Driving",Behind view,,,187: Ride or Die
"Action, Racing / Driving","1st-person, Behind view",Arcade,,GrooveRider: Slot Car Thunder
Action,3rd-person (Other),Shooter,,WinBack 2: Project Poseidon
Action,Behind view,"[""Beat em up / brawler"", Shooter",,Dead to Rights II
Action,3rd-person (Other),Fighting,Licensed,TMNT: Mutant Melee
Action,"3rd-person (Other), Side view",Fighting,,Kakuto Chojin: Back Alley Brutal
"Action, Racing / Driving","1st-person, 3rd-person (Other)",,,Motocross Mania 3
Racing / Driving,"1st-person, Behind view",RPG elements,Licensed,Alfa Romeo Racing Italiano
Action,3rd-person (Other),Stealth,Licensed,Sneak King
Action,Behind view,Stealth,,Stolen
Action,3rd-person (Other),"Platform, Puzzle elements, Shooter, Stealth",Licensed,Family Guy Video Game!
Racing / Driving,"1st-person, Behind view","Arcade, Shooter",,Spy Hunter: Nowhere to Run
Action,Diagonal-down,RPG elements,,Nightcaster II: Equinox
"Action, Sports",3rd-person (Other),,Licensed,Backyard Wrestling: Don't Try This at Home
"Racing / Driving, Sports","1st-person, Behind view",,,SX Superstar
Sports,"1st-person, 3rd-person (Other)",Fighting,Licensed,Mike Tyson Heavyweight Boxing
Action,3rd-person (Other),"[""Beat em up / brawler""]",Licensed,James Cameron's Dark Angel
Action,3rd-person (Other),Puzzle elements,,Azurik: Rise of Perathia
Strategy / tactics,,"Cards / tiles, Trading / collectible card",Licensed,Yu-Gi-Oh!: The Dawn of Destiny
Action,"1st-person, Behind view",Shooter,,Army Men: Sarge's War
Action,"1st-person, 3rd-person (Other), Behind view","Rail shooter, Shooter",Licensed,The Great Escape
Sports,Behind view,Tricks / stunts,Licensed,Gravity Games Bike: Street • Vert • Dirt
Racing / Driving,Behind view,,Licensed,American Chopper
Action,1st-person,Shooter,,Classified: The Sentinel Crisis
Action,3rd-person (Other),Platform,Licensed,Zathura
Action,Behind view,,Licensed,Bionicle
Action,3rd-person (Other),Hack and slash,Licensed,Eragon
Action,1st-person,,Licensed,Land of the Dead: Road to Fiddler's Green
Action,Behind view,Puzzle elements,Licensed,Jaws: Unleashed
Sports,Diagonal-down,,Licensed,AND 1 Streetball
Compilation,,,,Tecmo Classic Arcade
"Action, Racing / Driving, Sports",3rd-person (Other),,Licensed,Hummer: Badlands
Action,Behind view,,Licensed,Superman: The Man of Steel
Action,3rd-person (Other),Fighting,,Iron Phoenix
Strategy / tactics,,Board game,,The Guy Game
Action,3rd-person (Other),Stealth,Regional differences,Red Ninja: End of Honor
Sports,3rd-person (Other),Fighting,Licensed,Backyard Wrestling 2: There Goes the Neighborhood
Action,3rd-person (Other),"Platform, Shooter",,Shadow the Hedgehog
Action,3rd-person (Other),Puzzle elements,Licensed,Shrek
Action,3rd-person (Other),,Licensed,Minority Report: Everybody Runs
Action,Behind view,,,Malice
Action,3rd-person (Other),,Licensed,Predator: Concrete Jungle
Action,3rd-person (Other),,,Murakumo: Renegade Mech Pursuit
Simulation,Behind view,,Licensed,Star Trek: Shattered Universe
Role-playing (RPG),Diagonal-down,,,Metal Dungeon
"Action, Strategy / tactics",Behind view,"Arcade, Puzzle elements, Stealth",Licensed,Spy vs Spy
Action,"1st-person, 3rd-person (Other)","Shooter, Survival horror",,Dino Crisis 3
Racing / Driving,Behind view,Arcade,,Smashing Drive
Action,3rd-person (Other),"Puzzle elements, Stealth",Licensed,The Da Vinci Code
Action,"1st-person, Behind view",Shooter,Licensed,Bad Boys: Miami Takedown
Action,1st-person,Shooter,"Licensed', 'Regional differences",RoboCop
Action,Behind view,"Fighting, Shooter, Stealth",,NARC
Action,3rd-person (Other),Fighting,Licensed,Xiaolin Showdown
Action,Behind view,"Shooter, Stealth",,25 to Life
Action,1st-person,Shooter,,Mob Enforcer
Action,3rd-person (Other),,Licensed,Catwoman
Action,3rd-person (Other),"Puzzle elements, Shooter",,Without Warning
Action,3rd-person (Other),Shooter,,Army Men: Major Malfunction
Action,3rd-person (Other),Puzzle elements,,Sneakers
Action,3rd-person (Other),Puzzle elements,Licensed,Charlie and the Chocolate Factory
Racing / Driving,3rd-person (Other),Shooter,,Pulse Racer
Sports,"1st-person, Behind view",,Licensed,Torino 2006
Action,Behind view,"[""Beat em up / brawler""]",,"Final Fight: ""Streetwise"""
Action,3rd-person (Other),"[""Beat em up / brawler""]",Licensed,Bruce Lee: Quest of the Dragon
Action,3rd-person (Other),Fighting,,Stake: Fortune Fighters
Action,Side view,Fighting,,Kabuki Warriors
"Action, Sports",3rd-person (Other),,Licensed,MTV Celebrity Deathmatch
Action,Diagonal-down,Fighting,,Crime Life: Gang Wars
Action,"1st-person, 3rd-person (Other)",Puzzle elements,Licensed,Batman: Dark Tomorrow
Action,3rd-person (Other),Fighting,Licensed,Fight Club
Action,1st-person,Shooter,Licensed,Terminator 3: Rise of the Machines
Action,Behind view,Shooter,,Drake of the 99 Dragons
Action,"1st-person, 3rd-person (Other)",Arcade,Licensed,Aquaman: Battle for Atlantis
Compilation,,,,2 Games in 1: Shrek 2 / Shark Tale
Compilation,,,,2 in 1 Combo Pack: Sonic Heroes & Super Monkey Ball Deluxe
Compilation,,,,2 in 1 Combo Pack: Sonic Mega Collection Plus & Super...
Sports,Diagonal-down,,Licensed,AFL Live 2003
Sports,Diagonal-down,,Licensed,AFL Live 2004
Sports,Diagonal-down,,Licensed,AFL Live: Premiership Edition
Sports,Diagonal-down,,Licensed,AFL Premiership 2005
Special edition,,,,America's Army: Rise of a Soldier (Special Edition)
Racing / Driving,Behind view,Arcade,Licensed,American Chopper 2: Full Throttle
Sports,Behind view,,Licensed,AMF Bowling 2004
Sports,,,Licensed,AMF Xtreme Bowling
"Action, Adventure",,"Mini-games, Music / rhythm, Visual novel",,Angelic Concert
Action,3rd-person (Other),"Platform, Puzzle elements",Licensed,Animaniacs: The Great Edgar Hunt
Adventure,1st-person,Visual novel,,Aoi Namida (Shokaiban)
"Action, Puzzle",Top-down,Tile matching puzzle,,AstroPop Deluxe
Action,3rd-person (Other),Fighting,,Barbarian
"Racing / Driving, Sports","1st-person, Behind view",,Licensed,Bass Pro Shops: Trophy Bass 2007
Action,"1st-person, Behind view","Hunting, Shooter",Licensed,Bass Pro Shops: Trophy Hunter 2007
Action,Side view,"[""Beat em up / brawler""]",Fangame,Beats of Rage
Puzzle,Side view,"Falling block puzzle, Tile matching puzzle",,Bejeweled: Deluxe
"Action, Puzzle",,,,Biniax 2
Special edition,,,,Bistro Cupid (Doki Doki Recipe Box)
Sports,,,Licensed,Breeders' Cup World Thoroughbred Championships
Sports,Diagonal-down,,Licensed,Brian Lara International Cricket 2005
"Action, Simulation, Sports",,Hunting,Licensed,Cabela's Big Game Hunter 2005 Adventures
Sports,"1st-person, 3rd-person (Other)",Hunting,Licensed,Cabela's Dangerous Hunts
Action,1st-person,Shooter,Licensed,Cabela's Dangerous Hunts 2
Sports,"1st-person, 3rd-person (Other)",Hunting,Licensed,Cabela's Deer Hunt: 2004 Season
Sports,"1st-person, 3rd-person (Other)",Hunting,Licensed,Cabela's Deer Hunt: 2005 Season
Simulation,1st-person,Hunting,,Cabela's Outdoor Adventures
Special edition,,,,Call of Duty 2: Big Red One (Collector's Edition)
Action,Top-down,"Arcade, Shooter",,Castle Shikigami 2
Special edition,,,,Castle Shikigami II (Limited Edition)
Sports,Behind view,,,Championship Bowling
"Simulation, Sports, Strategy / tactics","Diagonal-down, Text-based / Spreadsheet",Managerial / business simulation,,Championship Manager 2006
"Simulation, Sports, Strategy / tactics","Text-based / Spreadsheet, Top-down",Managerial / business simulation,,Championship Manager 5
"Simulation, Sports, Strategy / tactics",Text-based / Spreadsheet,Managerial / business simulation,,Championship Manager: Season 02/03
Strategy / tactics,"Diagonal-down, Top-down",Chess,,Chessmaster 10th Edition
Action,3rd-person (Other),Puzzle elements,Licensed,Codename: Kids Next Door - Operation: V.I.D.E.O.G.A.M.E.
Action,"1st-person, Diagonal-down","RPG elements, Shooter",,Combat★Elite: WWII Paratroopers
Action,1st-person,Shooter,,Conspiracy: Weapons of Mass Destruction
Racing / Driving,"1st-person, 3rd-person (Other)",,Licensed,Corvette
Compilation,,,,Crash Superpack: 2 Super Games - Crash Nitro Kart /...
Sports,"Behind view, Diagonal-down",,Licensed,Cricket 2005
"Role-playing (RPG), Simulation","1st-person, Side view, Top-down","Managerial / business simulation, Visual novel",,Cupid Bistro!!
"Adventure, Simulation",1st-person,"Japanese-style RPG (JRPG), Managerial / business simulation, Visual novel",,Cupid Bistro!! 2
Action,3rd-person (Other),Platform,Licensed,Curious George
Action,Behind view,Hack and slash,,Daemon Vector
Racing / Driving,"1st-person, Behind view",,Licensed,Dakar 2: The World's Ultimate Rally
Action,3rd-person (Other),Music / rhythm,,Dance:UK
Action,3rd-person (Other),Shooter,,Dennou Taisen DroneZ
Role-playing (RPG),3rd-person (Other),Action RPG,Licensed,Digimon World 4
"Action, Puzzle",Diagonal-down,Arcade,,Dino and Aliens
Compilation,,,,Disney/Pixar Finding Nemo / Disney presents a Pixar...
Action,3rd-person (Other),Platform,Licensed,Disney•Pixar Ratatouille
Special edition,,,,Doom³ (Limited Collector's Edition)
"Action, Racing / Driving",3rd-person (Other),,,Double S.T.E.A.L: The Second Clash
Action,3rd-person (Other),,Licensed,Dr. Seuss' The Cat in the Hat
Action,Behind view,,,Drihoo
Sports,,,Licensed,England International Football
Compilation,,,,Escape 03
Sports,Diagonal-down,,Licensed,ESPN MLS ExtraTime 2002
Sports,3rd-person (Other),,Licensed,ESPN NBA 2Night 2002
Special edition,,,Licensed,Evil Dead (Special Movie Edition)
Action,3rd-person (Other),Visual novel,,Exaskeleton
Special edition,,,,Fable (Preorder Edition)
Action,"1st-person, 3rd-person (Other)",,,First Battalion
Simulation,"1st-person, 3rd-person (Other)",,,Flight Academy
Racing / Driving,Behind view,,Licensed,Ford Vs. Chevy
Sports,Diagonal-down,,,Freestyle Street Soccer
Action,Top-down,,,Frogger Beyond
Racing / Driving,Behind view,Arcade,,Furious Karting
Action,1st-person,"RPG elements, Shooter",,Gene Troopers
"Action, Sports","1st-person, Behind view",Shooter,,Gotcha! Extreme Paintball
Compilation,,,,Grand Theft Auto: The Trilogy
Action,Side view,"[""Beat em up / brawler"", Fighting",,Guilty Gear Isuka
Compilation,,,,Halo Triple Pack
Puzzle,1st-person,Cards / tiles,,Hardwood Solitaire III
Action,3rd-person (Other),"Platform, Puzzle elements",Licensed,Hello Kitty: Roller Rescue
"Gambling, Strategy / tactics",3rd-person (Other),Cards / tiles,,High Rollers Casino
Racing / Driving,"1st-person, 3rd-person (Other), Behind view",Managerial / business simulation,Licensed,IHRA Drag Racing 2004
Racing / Driving,"3rd-person (Other), Behind view",,Licensed,IHRA Drag Racing: Sportsman Edition
Racing / Driving,"1st-person, 3rd-person (Other), Behind view",,Licensed,IHRA Professional Drag Racing 2005
"Role-playing (RPG), Strategy / tactics",3rd-person (Other),,,Innocent Tears
"Action, Racing / Driving",3rd-person (Other),Fighting,,Jacked
"Action, Role-playing (RPG)","1st-person, 3rd-person (Other)",,,Knights of the Temple II
Action,Side view,"Arcade, Platform",,l'Abbaye des Morts
Adventure,3rd-person (Other),Puzzle elements,Licensed,Largo Winch: Empire Under Threat
Sports,3rd-person (Other),,Licensed,Le Tour de France
Special edition,,,,Leisure Suit Larry: Magna Cum Laude (Uncut and Uncensored!)
Sports,,,Licensed,LMA Manager 2003
Sports,Diagonal-down,,Licensed,Madden NFL 08
Sports,Diagonal-down,,Licensed,Madden NFL 09
Action,3rd-person (Other),Fighting,,Magatama
Action,"3rd-person (Other), Top-down",Arcade,,Magi Death Fight!
"Special edition, Sports","Behind view, Diagonal-down",,,Major League Baseball 2K5: World Series 05 Edition
Sports,3rd-person (Other),,Licensed,Major League Baseball 2K7
"Simulation, Sports",3rd-person (Other),Managerial / business simulation,Licensed,Manchester United Manager 2005
"Action, Puzzle",Behind view,"Arcade, Platform",,Marble Blast
Special edition,,,,Marc Ecko's Getting Up: Contents Under Pressure (Limited Edition)
Special edition,,,,MechAssault 2: Lone Wolf (Limited Edition)
"Racing / Driving, Simulation, Sports","Behind view, Side view",,,Melbourne Cup Challenge
Action,Side view,"Arcade, Platform, Shooter",,Metal Slug 4
Action,Side view,"Arcade, Platform, Shooter",,Metal Slug 5
Action,"3rd-person (Other), Behind view",Shooter,,Metal Wolf Chaos
Action,3rd-person (Other),,Licensed,Miami Vice
Action,Top-down,Shooter,Regional differences,Mobile Light Force 2
Action,Behind view,Puzzle elements,,Mojo!
Simulation,"1st-person, 3rd-person (Other)",,Licensed,Monster Garage
Special edition,,,,Mortal Kombat: Deception - Premium Pack
Action,Top-down,Arcade,,Ms. Pac-Man
Simulation,,Music / rhythm,,MTV: Music Generator 3
Action,Top-down,"Arcade, Shooter",,Mutant Storm
Simulation,3rd-person (Other),,,N.U.D.E.@: Natural Ultimate Digital Experiment
Compilation,,,,Namco Vintage
Sports,3rd-person (Other),,Licensed,NBA Starting Five
Sports,3rd-person (Other),,Licensed,NCAA Football 08
Compilation,,,,NCAA Football 2005 / Top Spin
Special edition,,,,Need for Speed: Most Wanted (Black Edition)
Puzzle,Side view,Stealth,,Neighbors from Hell
"Action, Racing / Driving, Sports",Diagonal-down,Party game,Licensed,Nickelodeon Party Blast
Strategy / tactics,,,,Nobunaga no Yabō: Ranseiki
Sports,3rd-person (Other),,Licensed,NRL Rugby League
"Action, Sports",3rd-person (Other),,,Outlaw Golf: 9 More Holes of X-Mas
"Action, Sports",3rd-person (Other),,,Outlaw Golf: Holiday Golf
"Action, Sports",3rd-person (Other),Fighting,,Outlaw Volleyball: Red Hot
Action,"1st-person, Behind view",Stealth,,Pilot Down: Behind Enemy Lines
Puzzle,Side view,"Falling block puzzle, Tile matching puzzle",,Plus Plumb 2
Sports,1st-person,,,Pool:shark 2
Sports,Behind view,,,Pro Cast: Sports Fishing Game
Sports,Behind view,,,Pro Fishing Challenge
"Action, Compilation","1st-person, Top-down",Pinball,,Pro Pinball: Trilogy
Action,Top-down,"Arcade, Shooter",,Psyvariar 2
Simulation,,"Arcade, Music / rhythm",,Pump It Up: Exceed
Simulation,3rd-person (Other),,,R/C Helicopter: Indoor Flight Simulation
"Action, Role-playing (RPG)",3rd-person (Other),Fighting,,Rent A Hero No. 1
Action,Top-down,"Arcade, Paddle / Pong",,Ricochet: Lost Worlds
"Action, Racing / Driving, Simulation","1st-person, 3rd-person (Other)",Arcade,,Robot Wars: Extreme Destruction
Special edition,,,,Robotech: Battlecry (Collector's Edition)
Sports,Behind view,Tricks / stunts,,Rolling
"Action, Racing / Driving",Behind view,,,Room Zoom: Race for Impact
Sports,,Managerial / business simulation,Licensed,Rugby Challenge 2006
Sports,3rd-person (Other),,Licensed,Rugby League 2
Compilation,,,,Sega GT 2002 / JSRF: Jet Set Radio Future
Action,Side view,Puzzle elements,Licensed,Shamu's Deep Sea Adventures
"Action, Role-playing (RPG)",3rd-person (Other),,,Shin Megami Tensei Nine
Special edition,,,,Shrek 2 VS 212 Fragrance
Compilation,,,,Star Wars: The Clone Wars / Tetris Worlds
Puzzle,Diagonal-down,Tile matching puzzle,,Super Bubble Pop
"Action, Puzzle",Side view,"Falling block puzzle, Tile matching puzzle",,Super Collapse! II
Action,Side view,"Fighting, Platform",Fangame,Super Mario War
Compilation,,,,Taito Legends 2
Action,3rd-person (Other),"[""Beat em up / brawler""]",Licensed,Teen Titans
"Action, Role-playing (RPG)",3rd-person (Other),,,Tenerezza
Compilation,,,,The Beast
"Educational, Simulation",,Game show / trivia / quiz,,The Bible Game
Action,Behind view,"Platform, Puzzle elements",Licensed,The Fairly OddParents!: Breakin' da Rules
Special edition,,,,The Godfather (Limited Edition)
Sports,,,,The Hustle: Detroit Streets
Action,Side view,Fighting,,The King of Fighters 2002: Challenge to Ultimate Battle
Action,Side view,"Arcade, Fighting",,The King of Fighters 2003
Action,Diagonal-down,"Platform, Puzzle elements",,The Legend of Spyro: A New Beginning
"Action, Sports",3rd-person (Other),,,The Wild Rings
Action,Behind view,Arcade,,ThinkTanks
Strategy / tactics,Diagonal-down,,,Thousand Land
Action,,Fighting,Licensed,Tom and Jerry in War of the Whiskers
Compilation,,,,Tom Clancy's Classic Trilogy
Special edition,,,,Tom Clancy's Splinter Cell: Chaos Theory (Limited...
"Simulation, Sports, Strategy / tactics","Diagonal-down, Text-based / Spreadsheet",Managerial / business simulation,,Total Club Manager 2004
"Simulation, Sports, Strategy / tactics","Diagonal-down, Text-based / Spreadsheet",Managerial / business simulation,,Total Club Manager 2005
Adventure,1st-person,"Music / rhythm, Visual novel",,Triangle Again
Adventure,1st-person,Visual novel,,Triangle Again 2
Action,3rd-person (Other),Shooter,,Trigger Man
Special edition,,,,True Crime: New York City (Collector's Edition)
"Action, Puzzle",,Tile matching puzzle,,Ultra Bust-a-Move
"Simulation, Sports",1st-person,,,Virtual Pool: Tournament Edition
Racing / Driving,Behind view,,Licensed,Volvo: Drive For Life
Sports,Diagonal-down,,Licensed,WCR: World Championship Rugby
Racing / Driving,"1st-person, 3rd-person (Other)",,,Whiteout
Sports,"1st-person, Top-down",,Licensed,World Championship Snooker 2003
Strategy / tactics,1st-person,Cards / tiles,Licensed,World Poker Tour
Action,1st-person,Shooter,,World War II Combat: Iwo Jima
Action,1st-person,Shooter,,World War II Combat: Road to Berlin
Sports,Diagonal-down,,Licensed,WTA Tour Tennis
Action,Behind view,"Mini-games, Party game",Licensed,Yetisports: Arctic Adventures
Sports,,,,Yourself!Fitness
Puzzle,Top-down,Tile matching puzzle,,Zuma Deluxe
