title,moby_score,critics_score,player_score,xbox_score,average_score
Tom Clancy's Splinter Cell: Chaos Theory,81.0,83.0,78.0,1,80.67
Ninja Gaiden Black,89.0,94.0,82.0,2,88.33
Forza Motorsport,89.0,92.0,78.0,3,86.33
Project Gotham Racing 2,88.0,93.0,74.0,4,85.0
Burnout 3: Takedown,87.0,92.0,78.0,5,85.67
Prince of Persia: The Sands of Time,84.0,91.0,78.0,6,84.33
Tom Clancy's Splinter Cell: Pandora Tomorrow,83.0,90.0,74.0,7,82.33
Grand Theft Auto: San Andreas,84.0,93.0,78.0,8,85.0
Star Wars: Knights of the Old Republic,85.0,92.0,80.0,9,85.67
Ninja Gaiden,87.0,91.0,76.0,10,84.67
Rockstar Games Double Pack: Grand Theft Auto,84.0,94.0,68.0,11,82.0
ESPN NFL 2K5,87.0,89.0,94.0,12,90.0
Burnout: Revenge,86.0,89.0,80.0,13,85.0
Madden NFL 2005,86.0,88.0,82.0,14,85.33
NFL 2K3,86.0,90.0,80.0,15,85.33
Halo 2,82.0,89.0,72.0,16,81.0
Tom Clancy's Splinter Cell,81.0,91.0,74.0,17,82.0
NBA Street V3,87.0,89.0,78.0,18,84.67
SoulCalibur II,85.0,90.0,78.0,19,84.33
Brothers in Arms: Road to Hill 30,81.0,85.0,72.0,20,79.33
Madden NFL 2004,83.0,90.0,58.0,21,77.0
SSX 3,86.0,90.0,78.0,22,84.67
RalliSport Challenge 2,84.0,89.0,80.0,23,84.33
World Series Baseball 2K3,84.0,88.0,98.0,24,90.0
Crimson Skies: High Road to Revenge,84.0,88.0,78.0,25,83.33
Tony Hawk's Pro Skater 3,80.0,88.0,72.0,26,80.0
The Chronicles of Riddick: Escape from Butcher Bay,84.0,88.0,80.0,27,84.0
ESPN NBA Basketball,84.0,87.0,88.0,28,86.33
ESPN NFL Football,84.0,88.0,56.0,29,76.0
The Elder Scrolls III: Morrowind - Game of the Year Edition,83.0,91.0,80.0,30,84.67
Madden NFL 06,83.0,86.0,66.0,31,78.33
ESPN NHL 2K5,84.0,87.0,78.0,32,83.0
Fight Night Round 2,82.0,87.0,64.0,33,77.67
Tony Hawk's Pro Skater 4,80.0,88.0,70.0,34,79.33
RalliSport Challenge,80.0,83.0,66.0,35,76.33
Jade Empire,83.0,88.0,76.0,36,82.33
NCAA Football 2003,83.0,90.0,56.0,37,76.33
Halo: Combat Evolved,78.0,91.0,72.0,38,80.33
Tom Clancy's Rainbow Six 3: Black Arrow,83.0,85.0,90.0,39,86.0
MotoGP: Ultimate Racing Technology,80.0,84.0,64.0,40,76.0
Madden NFL 2002,86.0,90.0,64.0,41,80.0
Colin McRae Rally 04,83.0,85.0,78.0,42,82.0
Far Cry: Instincts,83.0,86.0,74.0,43,81.0
Colin McRae Rally 3,83.0,85.0,80.0,44,82.67
Tiger Woods PGA Tour 2005,83.0,86.0,76.0,45,81.67
The Elder Scrolls III: Morrowind,83.0,89.0,80.0,46,84.0
NCAA Football 2004,87.0,92.0,80.0,47,86.33
Panzer Dragoon Orta,82.0,87.0,78.0,48,82.33
Tom Clancy's Splinter Cell: Double Agent,77.0,77.0,78.0,49,77.33
ESPN NHL Hockey,82.0,86.0,72.0,50,80.0
NCAA Football 07,81.0,82.0,80.0,51,81.0
NBA 2K6,81.0,83.0,80.0,52,81.33
NBA Street Vol. 2,84.0,88.0,70.0,53,80.67
NCAA Football 2005,84.0,89.0,72.0,54,81.67
X-Men: Legends II - Rise of Apocalypse,79.0,82.0,72.0,55,77.67
Tiger Woods PGA Tour 2004,80.0,85.0,56.0,56,73.67
Brothers in Arms: Earned in Blood,79.0,81.0,74.0,57,78.0
JSRF: Jet Set Radio Future,82.0,86.0,80.0,58,82.67
NCAA Football 06,85.0,91.0,92.0,59,89.33
World Soccer: Winning Eleven 8 International,81.0,88.0,70.0,60,79.67
NHL 2K6,79.0,81.0,66.0,62,75.33
Doom³,78.0,85.0,74.0,63,79.0
Prince of Persia: The Two Thrones,79.0,81.0,78.0,64,79.33
Beyond Good & Evil,81.0,87.0,78.0,65,82.0
Top Spin,79.0,81.0,70.0,66,76.67
Metal Gear Solid 2: Substance,79.0,85.0,74.0,67,79.33
MotoGP 2,80.0,84.0,56.0,68,73.33
Amped 2,81.0,82.0,92.0,69,85.0
ESPN NBA 2K5,81.0,83.0,80.0,70,81.33
Tom Clancy's Ghost Recon 2: Summit Strike,81.0,83.0,,71,82.0
Colin McRae Rally 2005,81.0,81.0,84.0,72,82.0
Tom Clancy's Rainbow Six 3,76.0,80.0,68.0,73,74.67
Dead or Alive 3,81.0,86.0,76.0,74,81.0
MechAssault,81.0,85.0,70.0,75,78.67
Dead or Alive: Ultimate,81.0,82.0,80.0,76,81.0
MVP Baseball 2004,79.0,86.0,64.0,77,76.33
Psychonauts,79.0,86.0,76.0,78,80.33
The Incredible Hulk: Ultimate Destruction,80.0,81.0,78.0,79,79.67
MotoGP: Ultimate Racing Technology 3,79.0,83.0,56.0,80,72.67
NASCAR 2005: Chase for the Cup,82.0,87.0,80.0,81,83.0
World Soccer: Winning Eleven 9,83.0,90.0,66.0,82,79.67
Hitman 2: Silent Assassin,80.0,84.0,76.0,83,80.0
Kelly Slater's Pro Surfer,76.0,76.0,80.0,84,77.33
NHL 2004,81.0,85.0,72.0,85,79.33
OutRun 2,81.0,82.0,82.0,86,81.67
Mercenaries: Playground of Destruction,80.0,83.0,78.0,87,80.33
Silent Hill 2: Restless Dreams,81.0,81.0,82.0,88,81.33
Indigo Prophecy,79.0,84.0,76.0,89,79.67
Fable: The Lost Chapters,80.0,83.0,76.0,90,79.67
Oddworld: Stranger's Wrath,79.0,81.0,78.0,91,79.33
TimeSplitters: Future Perfect,81.0,86.0,76.0,92,81.0
TOCA Race Driver 2,82.0,85.0,78.0,93,81.67
Burnout 2: Point of Impact,82.0,88.0,72.0,94,80.67
Star Wars: Knights of the Old Republic II - The Sith Lords,81.0,83.0,80.0,95,81.33
NBA 2K2,82.0,90.0,66.0,96,79.33
Tony Hawk's Underground,78.0,85.0,70.0,97,77.67
Phantom Dust,80.0,83.0,86.0,98,83.0
Madden NFL 2003,84.0,88.0,76.0,99,82.67
NBA 2K7,83.0,84.0,90.0,100,85.67
NHL 2003,78.0,81.0,72.0,101,77.0
TOCA Race Driver 3,83.0,84.0,78.0,102,81.67
Tony Hawk's Pro Skater 2x,79.0,85.0,74.0,103,79.33
NASCAR Thunder 2002,81.0,84.0,86.0,104,83.67
World Series Baseball,79.0,84.0,86.0,105,83.0
NHL Hitz 20-03,80.0,81.0,84.0,106,81.67
Psi-Ops: The Mindgate Conspiracy,78.0,81.0,76.0,107,78.33
Tom Clancy's Ghost Recon,77.0,83.0,70.0,108,76.67
Max Payne,83.0,88.0,82.0,109,84.33
Tom Clancy's Ghost Recon 2: 2011 - Final Assault,79.0,81.0,78.0,110,79.33
Midnight Club 3: DUB Edition Remix,79.0,86.0,80.0,111,81.67
FIFA Soccer 2003,78.0,82.0,70.0,112,76.67
007: Everything or Nothing,80.0,83.0,76.0,113,79.67
Unreal Championship,79.0,85.0,62.0,114,75.33
Guilty Gear X2: The Midnight Carnival #Reload,78.0,85.0,70.0,115,77.67
ESPN College Hoops 2K5,74.0,77.0,,116,75.5
Major League Baseball 2K5,79.0,81.0,86.0,117,82.0
NBA 2K3,80.0,83.0,78.0,118,80.33
Fable,79.0,82.0,78.0,119,79.67
Steel Battalion,79.0,81.0,80.0,120,80.0
Conker: Live & Reloaded,79.0,81.0,78.0,121,79.33
Shenmue II,84.0,88.0,82.0,122,84.67
NBA Live 2005,79.0,83.0,64.0,123,75.33
NFL 2K2,82.0,90.0,60.0,124,77.33
TimeSplitters 2,82.0,89.0,76.0,125,82.33
Amped: Freestyle Snowboarding,79.0,83.0,74.0,126,78.67
Midnight Club 3: DUB Edition,79.0,80.0,80.0,127,79.67
Project Gotham Racing,79.0,83.0,76.0,128,79.33
Rayman 3: Hoodlum Havoc,80.0,78.0,84.0,129,80.67
LEGO Star Wars II: The Original Trilogy,80.0,81.0,78.0,130,79.67
Capcom Classics Collection,79.0,81.0,80.0,131,80.0
Metal Arms: Glitch in the System,78.0,78.0,82.0,132,79.33
NHL 2K3,80.0,84.0,74.0,133,79.33
Fight Night 2004,78.0,81.0,70.0,134,76.33
Tony Hawk's American Wasteland,75.0,77.0,72.0,135,74.67
MVP Baseball 2005,82.0,88.0,78.0,136,82.67
Need for Speed: Most Wanted,79.0,84.0,74.0,137,79.0
Phantasy Star Online: Episode I & II,79.0,84.0,72.0,138,78.33
Def Jam: Fight for NY,80.0,84.0,74.0,139,79.33
Sphinx and the Cursed Mummy,75.0,76.0,72.0,140,74.33
Peter Jackson's King Kong: The Official Game of the Movie,77.0,79.0,72.0,141,76.0
Battlefield 2: Modern Combat,77.0,79.0,68.0,142,74.67
Wakeboarding Unleashed featuring Shaun Murray,79.0,80.0,90.0,143,83.0
Sid Meier's Pirates!: Live the Life,81.0,81.0,82.0,144,81.33
MX Superfly Featuring Ricky Carmichael,76.0,77.0,60.0,145,71.0
Tiger Woods PGA Tour 06,80.0,84.0,66.0,146,76.67
NBA Live 2004,78.0,82.0,64.0,147,74.67
NBA Live 2003,80.0,86.0,58.0,148,74.67
NHL 06,79.0,81.0,72.0,149,77.33
Dance Dance Revolution: Ultramix,78.0,85.0,54.0,150,72.33
NHL 2002,81.0,86.0,74.0,151,80.33
NHL Hitz 20-02,79.0,80.0,70.0,152,76.33
NBA Ballers,79.0,81.0,,153,80.0
Fatal Frame II: Crimson Butterfly - Director's Cut,78.0,82.0,72.0,154,77.33
NFL Street,79.0,81.0,64.0,155,74.67
NASCAR Thunder 2003,78.0,82.0,74.0,156,78.0
Aggressive Inline,81.0,86.0,60.0,157,75.67
The Warriors,81.0,82.0,80.0,158,81.0
The Lord of the Rings: The Return of the King,78.0,80.0,76.0,159,78.0
NCAA College Basketball 2K3,79.0,83.0,,160,81.0
NCAA March Madness 06,75.0,75.0,100.0,161,83.33
Star Wars: Republic Commando,77.0,76.0,78.0,162,77.0
Half-Life 2,87.0,93.0,84.0,163,88.0
NBA Inside Drive 2002,77.0,81.0,74.0,164,77.33
NASCAR Heat 2002,79.0,81.0,90.0,165,83.33
Call of Duty 3,77.0,78.0,74.0,166,76.33
Full Spectrum Warrior,76.0,80.0,68.0,167,74.67
Star Wars: Battlefront,76.0,78.0,76.0,168,76.67
MX vs. ATV Unleashed,75.0,77.0,68.0,169,73.33
SSX on Tour,80.0,82.0,72.0,170,78.0
Oddworld: Munch's Oddysee,76.0,76.0,78.0,171,76.67
OutRun 2006: Coast 2 Coast,79.0,80.0,78.0,172,79.0
SSX Tricky,80.0,87.0,74.0,173,80.33
FIFA Soccer 2004,76.0,79.0,66.0,174,73.67
Call of Duty 2: Big Red One,79.0,80.0,78.0,175,79.0
FIFA Soccer 2005,76.0,81.0,64.0,176,73.67
Tony Hawk's Underground 2,76.0,84.0,66.0,177,75.33
Disney's Extreme Skate Adventure,75.0,76.0,74.0,178,75.0
Spider-Man,74.0,77.0,70.0,179,73.67
Madden NFL 07,81.0,82.0,78.0,180,80.33
Tom Clancy's Ghost Recon: Island Thunder,79.0,80.0,78.0,181,79.0
Tiger Woods PGA Tour 07,76.0,77.0,64.0,182,72.33
Star Wars: Jedi Knight II - Jedi Outcast,79.0,85.0,74.0,183,79.33
Fight Night Round 3,83.0,85.0,80.0,184,82.67
Need for Speed: Underground 2,77.0,83.0,72.0,185,77.33
Return to Castle Wolfenstein: Tides of War,77.0,79.0,78.0,186,78.0
Mortal Kombat: Deception,77.0,80.0,74.0,187,77.0
Baldur's Gate: Dark Alliance,76.0,81.0,72.0,188,76.33
NHL Hitz Pro,78.0,78.0,90.0,189,82.0
Spider-Man 2,77.0,78.0,76.0,190,77.0
Ultimate Spider-Man,76.0,77.0,74.0,191,75.67
College Hoops 2K6,75.0,76.0,60.0,192,70.33
Star Wars: Jedi Knight - Jedi Academy,76.0,77.0,74.0,193,75.67
Super Monkey Ball Deluxe,77.0,79.0,72.0,194,76.0
Gun,77.0,79.0,74.0,195,76.67
Unreal Championship 2: The Liandri Conflict,77.0,78.0,78.0,196,77.67
Splashdown,80.0,83.0,72.0,197,78.33
The Sims,77.0,79.0,76.0,198,77.33
Rocky,78.0,79.0,76.0,199,77.67
Capcom Classics Collection: Volume 2,74.0,73.0,92.0,201,79.67
Tiger Woods PGA Tour 2003,78.0,86.0,52.0,202,72.0
Kingdom Under Fire: The Crusaders,77.0,81.0,66.0,203,74.67
Dynasty Warriors 4,75.0,76.0,78.0,204,76.33
MX Unleashed,78.0,80.0,72.0,205,76.67
NFL Fever 2002,76.0,80.0,66.0,206,74.0
NBA Inside Drive 2003,76.0,78.0,76.0,207,76.67
Lara Croft: Tomb Raider - Legend,78.0,81.0,76.0,208,78.33
MLB SlugFest 20-03,74.0,76.0,72.0,209,74.0
Metal Slug 3,80.0,81.0,80.0,210,80.33
Need for Speed: Underground,76.0,82.0,72.0,211,76.67
The Suffering,77.0,78.0,78.0,212,77.67
MX 2002 featuring Ricky Carmichael,76.0,77.0,84.0,213,79.0
Midnight Club II,78.0,82.0,72.0,214,77.33
Buffy the Vampire Slayer,76.0,78.0,72.0,215,75.33
Far Cry: Instincts - Evolution,76.0,76.0,88.0,216,80.0
Darkwatch,77.0,78.0,74.0,217,76.33
NASCAR 06: Total Team Control,78.0,81.0,76.0,218,78.33
Sega Soccer Slam,75.0,78.0,64.0,219,72.33
Hitman: Blood Money,80.0,83.0,78.0,220,80.33
Genma Onimusha,76.0,79.0,60.0,221,71.67
MechAssault 2: Lone Wolf,76.0,79.0,58.0,222,71.0
The Suffering: Ties That Bind,75.0,77.0,72.0,223,74.67
Midtown Madness 3,76.0,78.0,72.0,224,75.33
NASCAR Thunder 2004,72.0,85.0,60.0,225,72.33
Jade Empire (Limited Edition),76.0,70.0,78.0,226,74.67
Call of Cthulhu: Dark Corners of the Earth,77.0,77.0,76.0,227,76.67
F1 2001,76.0,79.0,68.0,228,74.33
Mortal Kombat: Armageddon,74.0,72.0,82.0,229,76.0
Deus Ex: Invisible War,73.0,79.0,68.0,230,73.33
NHL 2005,77.0,79.0,72.0,231,76.0
Links 2004,76.0,77.0,78.0,232,77.0
Heroes of the Pacific,74.0,74.0,76.0,233,74.67
SpongeBob SquarePants: Battle for Bikini Bottom,73.0,72.0,76.0,234,73.67
Karaoke Revolution: Party,77.0,80.0,76.0,235,77.67
Kingdom Under Fire: Heroes,76.0,77.0,52.0,236,68.33
Dance Dance Revolution: Ultramix 2,75.0,85.0,24.0,237,61.33
High Heat Major League Baseball 2004,77.0,79.0,82.0,238,79.33
Championship Manager: Season 01/02,73.0,79.0,68.0,239,73.33
Legacy of Kain: Defiance,76.0,76.0,76.0,240,76.0
MLB SlugFest 20-04,75.0,78.0,72.0,241,75.0
Baldur's Gate: Dark Alliance II,76.0,78.0,72.0,242,75.33
Yager,74.0,73.0,78.0,243,75.0
NBA Live 06,78.0,79.0,78.0,244,78.33
NCAA March Madness 2004,76.0,80.0,,245,78.0
All-Star Baseball 2004,75.0,77.0,72.0,246,74.67
Sonic Mega Collection Plus,74.0,72.0,80.0,247,75.33
FIFA Soccer 06,74.0,79.0,56.0,248,69.67
MVP Baseball 2003,74.0,83.0,46.0,249,67.67
MVP 06: NCAA Baseball,77.0,78.0,84.0,250,79.67
2002 FIFA World Cup,71.0,75.0,60.0,251,68.67
True Crime: Streets of LA,69.0,72.0,64.0,252,68.33
ESPN College Hoops,75.0,79.0,,253,77.0
Max Payne 2: The Fall of Max Payne,81.0,86.0,80.0,254,82.33
V-Rally 3,73.0,75.0,68.0,255,72.0
All-Star Baseball 2005,75.0,76.0,80.0,256,77.0
Otogi 2: Immortal Warriors,75.0,76.0,80.0,257,77.0
Dr. Muto,72.0,73.0,70.0,258,71.67
Armed and Dangerous,73.0,77.0,62.0,259,70.67
The Thing,75.0,77.0,72.0,260,74.67
Mortal Kombat: Deadly Alliance,75.0,79.0,72.0,261,75.33
Thief: Deadly Shadows,80.0,83.0,78.0,262,80.33
Blitz: The League,73.0,75.0,66.0,263,71.33
Silent Hill 4: The Room,74.0,74.0,74.0,264,74.0
Capcom vs. SNK 2: Mark of the Millennium,76.0,81.0,72.0,265,76.33
RedCard 20-03,72.0,76.0,52.0,266,66.67
Broken Sword: The Sleeping Dragon,78.0,80.0,76.0,267,78.0
Freedom Fighters,78.0,81.0,76.0,268,78.33
Second Sight,73.0,77.0,64.0,269,71.33
Urban Chaos: Riot Response,74.0,72.0,80.0,270,75.33
LMA Manager 2004,75.0,78.0,,271,76.5
Taito Legends,75.0,75.0,78.0,272,76.0
The Lord of the Rings: The Two Towers,75.0,81.0,70.0,273,75.33
Marvel Ultimate Alliance,76.0,78.0,74.0,274,76.0
The Punisher,72.0,70.0,74.0,275,72.0
Mega Man: Anniversary Collection,78.0,82.0,74.0,276,78.0
NCAA March Madness 2005,73.0,74.0,94.0,278,80.33
TransWorld Snowboarding,74.0,75.0,84.0,277,77.67
X-Men: Legends,75.0,79.0,72.0,279,75.33
Gladius,74.0,77.0,70.0,280,73.67
Mat Hoffman's Pro BMX 2,73.0,74.0,76.0,281,74.33
NFL Street 2,76.0,78.0,74.0,282,76.0
Hitman: Contracts,76.0,78.0,74.0,283,76.0
Sega GT 2002,74.0,78.0,68.0,284,73.33
ESPN Major League Baseball,74.0,75.0,86.0,286,78.33
NFL Blitz 20-02,74.0,76.0,76.0,285,75.33
Steel Battalion: Line of Contact,74.0,73.0,90.0,287,79.0
Black,74.0,78.0,68.0,288,73.33
Knockout Kings 2002,75.0,77.0,66.0,289,72.67
Midway Arcade Treasures 2,74.0,70.0,80.0,290,74.67
Scarface: The World Is Yours,72.0,72.0,72.0,291,72.0
Robotech: Battlecry,73.0,75.0,70.0,292,72.67
Secret Weapons Over Normandy,75.0,76.0,74.0,293,75.0
Crash Nitro Kart,71.0,67.0,76.0,294,71.33
Scooby-Doo!: Night of 100 Frights,72.0,70.0,80.0,295,74.0
Dungeons & Dragons: Heroes,74.0,75.0,68.0,296,72.33
Otogi: Myth of Demons,74.0,73.0,82.0,297,76.33
Tak 2: The Staff of Dreams,73.0,73.0,,298,73.0
NHL 2K7,78.0,80.0,,299,79.0
FIFA World Cup: Germany 2006,74.0,74.0,72.0,300,73.33
007: Nightfire,75.0,79.0,72.0,301,75.33
Quantum Redshift,74.0,75.0,72.0,302,73.67
Voodoo Vince,74.0,73.0,86.0,303,77.67
Conflict: Desert Storm,71.0,74.0,64.0,304,69.67
Prince of Persia: Warrior Within,77.0,82.0,72.0,305,77.0
The Sims 2,72.0,74.0,64.0,306,70.0
Serious Sam,74.0,76.0,68.0,307,72.67
Fatal Frame,74.0,79.0,68.0,308,73.67
Star Wars: Battlefront II,75.0,75.0,76.0,309,75.33
kill.switch,70.0,70.0,70.0,310,70.0
Brute Force,73.0,75.0,64.0,311,70.67
Battle Engine Aquila,71.0,71.0,70.0,312,70.67
Apex,73.0,75.0,66.0,313,71.33
World Snooker Championship 2005,74.0,74.0,82.0,314,76.67
Kung Fu Chaos,74.0,74.0,78.0,315,75.33
The Sims: Bustin' Out,75.0,77.0,74.0,316,75.33
Karaoke Revolution,79.0,82.0,78.0,317,79.67
Sniper Elite,73.0,74.0,70.0,318,72.33
NFL Blitz 20-03,77.0,79.0,100.0,319,85.33
Pro Race Driver,79.0,82.0,70.0,320,77.0
Red Faction II,71.0,73.0,70.0,321,71.33
Pirates: The Legend of Black Kat,71.0,77.0,58.0,322,68.67
Atari: 80 Classic Games in One!,73.0,70.0,82.0,323,75.0
World Championship Snooker 2004,75.0,78.0,72.0,324,75.0
Gunvalkyrie,74.0,76.0,72.0,325,74.0
MTX Mototrax,75.0,76.0,76.0,326,75.67
Rocky: Legends,72.0,71.0,74.0,327,72.33
Project: Snowblind,72.0,77.0,62.0,328,70.33
Stubbs the Zombie in Rebel Without a Pulse,71.0,70.0,74.0,329,71.67
TransWorld Surf,73.0,75.0,60.0,330,69.33
The Simpsons: Hit & Run,75.0,75.0,74.0,331,74.67
Myst IV: Revelation,80.0,82.0,78.0,332,80.0
Mortal Kombat: Shaolin Monks,75.0,76.0,76.0,333,75.67
XIII,74.0,78.0,70.0,334,74.0
Rugby 06,74.0,74.0,80.0,335,76.0
Dance Dance Revolution: Ultramix 3,73.0,78.0,40.0,336,63.67
Greg Hastings' Tournament Paintball Max'd,73.0,74.0,,337,73.5
MLB SlugFest Loaded,74.0,74.0,82.0,338,76.67
Hunter: The Reckoning,72.0,76.0,64.0,339,70.67
All-Star Baseball 2003,73.0,77.0,60.0,340,70.0
Street Fighter: Anniversary Collection,76.0,79.0,72.0,341,75.67
Tak: The Great Juju Challenge,72.0,72.0,82.0,342,75.33
Dynasty Warriors 3,74.0,79.0,68.0,343,73.67
Tony Hawk's Project 8,79.0,80.0,74.0,344,77.67
007: Agent Under Fire,72.0,73.0,70.0,345,71.67
Real World Golf,71.0,71.0,70.0,346,70.67
Area-51,74.0,74.0,74.0,347,74.0
Samurai Warriors,71.0,71.0,72.0,348,71.33
Tom Clancy's Rainbow Six: Lockdown,70.0,68.0,76.0,349,71.33
Juiced,72.0,71.0,76.0,350,73.0
NBA Ballers: Phenom,71.0,71.0,,351,71.0
Pac-Man World 2,73.0,71.0,76.0,352,73.33
SWAT: Global Strike Team,72.0,71.0,92.0,353,78.33
The Bard's Tale,75.0,74.0,76.0,354,75.0
Freestyle MetalX,70.0,70.0,68.0,355,69.33
XGRA: Extreme G Racing Association,71.0,70.0,78.0,356,73.0
Need for Speed: Hot Pursuit 2,74.0,78.0,70.0,357,74.0
Justice League Heroes,71.0,70.0,78.0,358,73.0
FIFA Soccer 07,75.0,79.0,60.0,359,71.33
NFL Fever 2003,72.0,73.0,,360,72.5
Shrek SuperSlam,71.0,70.0,74.0,361,71.67
FlatOut 2,80.0,81.0,80.0,362,80.33
NHL 07,76.0,77.0,70.0,363,74.33
Indiana Jones and the Emperor's Tomb,72.0,76.0,66.0,364,71.33
Phantom Crash,72.0,71.0,82.0,365,75.0
Pitfall: The Lost Expedition,69.0,69.0,70.0,366,69.33
Star Wars: Jedi Starfighter,74.0,76.0,72.0,367,74.0
Syberia II,78.0,78.0,78.0,368,78.0
NFL Fever 2004,72.0,72.0,76.0,369,73.33
Arx Fatalis,76.0,77.0,76.0,370,76.33
Buffy the Vampire Slayer: Chaos Bleeds,73.0,73.0,74.0,371,73.33
Disney's The Haunted Mansion,72.0,72.0,74.0,372,72.67
LEGO Star Wars: The Video Game,78.0,78.0,78.0,373,78.0
Total Overdose: A Gunslinger's Tale in Mexico,71.0,72.0,68.0,374,70.33
NBA Inside Drive 2004,72.0,72.0,100.0,375,81.33
Red Dead Revolver,70.0,72.0,68.0,376,70.0
Ultimate Fighting Championship: Tapout,72.0,75.0,50.0,377,65.67
Midway Arcade Treasures,73.0,72.0,74.0,378,73.0
007: From Russia with Love,71.0,71.0,72.0,379,71.33
The King of Fighters 2002/2003,77.0,79.0,,380,78.0
F1 2002,79.0,81.0,76.0,381,78.67
Burnout,75.0,79.0,68.0,382,74.0
Sonic Heroes,70.0,70.0,70.0,383,70.0
Destroy All Humans!,72.0,75.0,66.0,384,71.0
The Legacy of Kain Series: Blood Omen 2,74.0,73.0,76.0,385,74.33
Marc Ecko's Getting Up: Contents Under Pressure,69.0,68.0,72.0,386,69.67
Dead to Rights,71.0,73.0,70.0,387,71.33
Still Life,77.0,76.0,78.0,388,77.0
Hunter: The Reckoning - Redeemer,71.0,72.0,72.0,389,71.67
Outlaw Golf,68.0,66.0,76.0,390,70.0
Tennis Masters Series 2003,74.0,73.0,78.0,391,75.0
Medal of Honor: Frontline,74.0,83.0,66.0,392,74.33
Major League Baseball 2K6,66.0,65.0,68.0,393,66.33
Crash Bandicoot: The Wrath of Cortex,71.0,70.0,72.0,394,71.0
NFL Blitz Pro,73.0,74.0,,395,73.5
ATV: Quad Power Racing 2,74.0,75.0,72.0,396,73.67
Lemony Snicket's A Series of Unfortunate Events,72.0,72.0,76.0,397,73.33
Crimson Sea,71.0,72.0,,398,71.5
Medal of Honor: European Assault,71.0,73.0,68.0,399,70.67
Raze's Hell,72.0,71.0,80.0,400,74.33
Commandos 2: Men of Courage,81.0,83.0,78.0,401,80.67
Jurassic Park: Operation Genesis,74.0,73.0,80.0,402,75.67
Blazing Angels: Squadrons of WWII,69.0,68.0,72.0,403,69.67
Dreamfall: The Longest Journey,77.0,78.0,76.0,404,77.0
LMA Manager 2005,72.0,72.0,,405,72.0
Wreckless: The Yakuza Missions,71.0,73.0,68.0,406,70.67
Madagascar,70.0,70.0,70.0,407,70.0
World Championship Poker 2 featuring Howard Lederer,70.0,70.0,70.0,408,70.0
Need for Speed: Carbon,72.0,74.0,70.0,409,72.0
Dai Senryaku VII: Modern Military Tactics,71.0,71.0,,410,71.0
I-Ninja,72.0,73.0,70.0,411,71.67
Conflict: Desert Storm II - Back to Baghdad,70.0,71.0,66.0,412,69.0
Outlaw Volleyball,71.0,69.0,86.0,413,75.33
NBA Live 2002,71.0,74.0,64.0,414,69.67
Full Spectrum Warrior: Ten Hammers,71.0,71.0,70.0,415,70.67
Test Drive,69.0,69.0,70.0,416,69.33
Mad Dash Racing,71.0,69.0,82.0,417,74.0
Halo 2 (Limited Collector's Edition),71.0,,70.0,418,70.5
Dave Mirra Freestyle BMX 2,75.0,77.0,70.0,419,74.0
Painkiller: Hell Wars,71.0,67.0,80.0,420,72.67
Tron 2.0,81.0,81.0,84.0,421,82.0
ObsCure,73.0,72.0,74.0,422,73.0
UEFA Euro 2004 Portugal,73.0,75.0,56.0,423,68.0
Driver: Parallel Lines,69.0,71.0,66.0,424,68.67
Digimon Rumble Arena 2,67.0,67.0,66.0,425,66.67
The House of the Dead III,65.0,61.0,70.0,426,65.33
The Urbz: Sims in the City,70.0,70.0,74.0,427,71.33
Crash Tag Team Racing,69.0,66.0,76.0,428,70.33
The Lord of the Rings: The Third Age,71.0,71.0,72.0,429,71.33
Enclave,72.0,73.0,70.0,430,71.67
Rugby 2005,73.0,73.0,76.0,431,74.0
NBA Jam,69.0,68.0,72.0,432,69.67
Spy Hunter,71.0,73.0,66.0,433,70.0
ProStroke Golf: World Tour 2007,64.0,63.0,64.0,434,63.67
Outlaw Golf 2,70.0,70.0,68.0,435,69.33
Star Wars: Starfighter,73.0,76.0,66.0,436,71.67
Deathrow,70.0,71.0,68.0,437,69.67
Pariah,67.0,68.0,64.0,438,66.33
Mashed: Drive to Survive,69.0,69.0,70.0,439,69.33
DreamWorks Shark Tale,69.0,70.0,64.0,440,67.67
College Hoops NCAA 2K7,80.0,81.0,,441,80.5
F1 Career Challenge,73.0,73.0,74.0,442,73.33
Silent Scope Complete,70.0,70.0,,443,70.0
Breakdown,70.0,70.0,70.0,444,70.0
NASCAR 07,66.0,69.0,36.0,445,57.0
Greg Hastings' Tournament Paintball,70.0,70.0,74.0,446,71.33
Batman: Vengeance,67.0,66.0,70.0,447,67.67
Harry Potter and the Chamber of Secrets,69.0,75.0,60.0,448,68.0
Syberia,77.0,76.0,78.0,449,77.0
WWE Raw 2,70.0,66.0,78.0,450,71.33
Godzilla: Destroy All Monsters Melee,71.0,72.0,68.0,451,70.33
Men of Valor,70.0,70.0,70.0,452,70.0
NBA Live 07,71.0,71.0,76.0,453,72.67
Dance Dance Revolution: Ultramix 4,70.0,74.0,,454,72.0
Call of Duty: Finest Hour,69.0,71.0,64.0,455,68.0
Destroy All Humans! 2,72.0,76.0,66.0,456,71.33
Pinball Hall of Fame: The Gottlieb Collection,71.0,71.0,78.0,457,73.33
IndyCar Series,70.0,69.0,76.0,458,71.67
Scaler,69.0,70.0,66.0,459,68.33
KOF: Maximum Impact,70.0,69.0,78.0,460,72.33
NCAA College Football 2K3,71.0,72.0,,462,71.5
Puyo Pop Fever,76.0,75.0,80.0,461,77.0
Close Combat: First to Fight,68.0,69.0,64.0,463,67.0
Whiplash,68.0,65.0,76.0,464,69.67
BloodRayne,68.0,68.0,68.0,465,68.0
Vexx,70.0,69.0,76.0,466,71.67
Gauntlet: Dark Legacy,69.0,67.0,72.0,467,69.33
Castlevania: Curse of Darkness,70.0,68.0,74.0,468,70.67
Dead or Alive: Xtreme Beach Volleyball,69.0,67.0,72.0,469,69.33
RoadKill,71.0,71.0,70.0,471,70.67
World Racing,70.0,66.0,84.0,470,73.33
The SpongeBob SquarePants Movie,69.0,67.0,72.0,472,69.33
IndyCar Series 2005,68.0,65.0,82.0,473,71.67
Outlaw Tennis,66.0,64.0,66.0,474,65.33
Drive to Survive,69.0,67.0,86.0,475,74.0
Metal Slug 4 & 5,71.0,70.0,78.0,476,73.0
Sudeki,70.0,70.0,70.0,477,70.0
FlatOut,75.0,77.0,74.0,478,75.33
Shrek 2,70.0,69.0,74.0,479,71.0
Curse: The Eye of Isis,66.0,62.0,68.0,480,65.33
Star Wars: The Clone Wars,72.0,73.0,68.0,481,71.0
Total Immersion Racing,73.0,73.0,80.0,482,75.33
Pac-Man World 3,68.0,63.0,80.0,483,70.33
Sega GT Online,69.0,68.0,74.0,484,70.33
Blood Wake,70.0,71.0,68.0,485,69.67
Xyanide,69.0,69.0,62.0,486,66.67
Power Drome,69.0,63.0,84.0,487,72.0
Cold Fear,69.0,70.0,66.0,488,68.33
Ty the Tasmanian Tiger 2: Bush Rescue,70.0,68.0,78.0,489,72.0
Magic: The Gathering - Battlegrounds,67.0,66.0,70.0,490,67.67
ESPN Winter X Games Snowboarding 2002,70.0,70.0,,491,70.0
Richard Burns Rally,75.0,78.0,74.0,492,75.67
Fire Blade,68.0,68.0,70.0,493,68.67
Wings of War,68.0,68.0,68.0,494,68.0
Spartan: Total Warrior,73.0,77.0,60.0,495,70.0
Thrillville,65.0,70.0,42.0,496,59.0
Sensible Soccer 2006,65.0,66.0,56.0,497,62.33
Tenchu: Return from Darkness,69.0,68.0,70.0,498,69.0
Mafia,83.0,85.0,82.0,499,83.33
Test Drive: Eve of Destruction,72.0,71.0,76.0,500,73.0
NHL Rivals 2004,69.0,68.0,64.0,501,67.0
Spyro: A Hero's Tail,70.0,67.0,78.0,502,71.67
Ty the Tasmanian Tiger,66.0,68.0,48.0,503,60.67
Crazy Taxi 3: High Roller,65.0,62.0,74.0,504,67.0
BloodRayne 2,69.0,71.0,64.0,505,68.0
Battlestar Galactica,69.0,69.0,68.0,506,68.67
Ford Racing 2,68.0,65.0,76.0,507,69.67
"The Chronicles of Narnia: The Lion, the Witch and the Wardrobe",69.0,70.0,66.0,508,68.33
Advent Rising,71.0,69.0,76.0,509,72.0
Just Cause,66.0,73.0,52.0,510,63.67
American McGee presents Scrapland,70.0,74.0,64.0,511,69.33
Forgotten Realms: Demon Stone,69.0,71.0,62.0,512,67.33
Evil Dead: Regeneration,67.0,65.0,70.0,513,67.33
Terminator 3: The Redemption,70.0,72.0,66.0,514,69.33
World Championship Pool 2004,70.0,69.0,74.0,515,71.0
Midway Arcade Treasures 3,68.0,66.0,74.0,516,69.33
Batman Begins,69.0,69.0,68.0,517,68.67
Chase: Hollywood Stunt Driver,68.0,67.0,68.0,518,67.67
Disney•Pixar Cars,68.0,67.0,70.0,519,68.33
X2: Wolverine's Revenge,67.0,63.0,76.0,520,68.67
Tom Clancy's Rainbow Six: Critical Hour,68.0,58.0,84.0,521,70.0
Bloody Roar Extreme,68.0,67.0,72.0,522,69.0
Ice Age 2: The Meltdown,67.0,68.0,56.0,523,63.67
Headhunter: Redemption,67.0,64.0,72.0,524,67.67
Grabbed by the Ghoulies,67.0,67.0,68.0,525,67.33
Wallace & Gromit: The Curse of the Were-Rabbit,68.0,66.0,80.0,526,71.33
Special Forces: Nemesis Strike,65.0,61.0,76.0,527,67.33
Harry Potter and the Prisoner of Azkaban,66.0,68.0,60.0,528,64.67
Blinx: The Time Sweeper,68.0,69.0,56.0,529,64.33
Crash Twinsanity,69.0,64.0,76.0,530,69.67
Conflict: Global Terror,69.0,66.0,78.0,531,71.0
America's Army: Rise of a Soldier,68.0,66.0,72.0,532,68.67
Namco Museum,68.0,71.0,64.0,533,67.67
Goblin Commander: Unleash the Horde,69.0,69.0,70.0,534,69.33
Slam Tennis,65.0,69.0,26.0,535,53.33
Starsky & Hutch,68.0,66.0,72.0,536,68.67
Crash 'N' Burn,68.0,67.0,70.0,537,68.33
Gladiator: Sword of Vengeance,68.0,65.0,76.0,538,69.67
Harry Potter and the Goblet of Fire,65.0,68.0,54.0,539,62.33
Legends of Wrestling II,65.0,61.0,72.0,540,66.0
Rogue Trooper,69.0,69.0,70.0,541,69.33
Serious Sam II,71.0,74.0,70.0,542,71.67
ToeJam & Earl III: Mission to Earth,67.0,66.0,72.0,543,68.33
Æon Flux,67.0,67.0,68.0,544,67.33
Harry Potter: Quidditch World Cup,66.0,69.0,50.0,545,61.67
Cold War,70.0,67.0,78.0,546,71.67
The Incredibles: Rise of the Underminer,66.0,63.0,84.0,547,71.0
Worms 4: Mayhem,74.0,72.0,78.0,548,74.67
Godzilla: Save the Earth,69.0,63.0,80.0,549,70.67
Rogue Ops,66.0,64.0,68.0,550,66.0
The Godfather: The Game,72.0,77.0,64.0,551,71.0
Alias,65.0,64.0,70.0,552,66.33
Ski Racing 2005: Featuring Hermann Maier,67.0,66.0,62.0,553,65.0
Blowout,63.0,57.0,76.0,554,65.33
Wrath Unleashed,65.0,68.0,36.0,555,56.33
UEFA Champions League 2004-2005,71.0,73.0,66.0,556,70.0
Die Hard: Vendetta,62.0,59.0,70.0,557,63.67
The King of Fighters: Neowave,66.0,66.0,60.0,558,64.0
Myst III: Exile,77.0,77.0,76.0,559,76.67
Marvel Vs. Capcom 2: New Age Of Heroes,80.0,83.0,78.0,560,80.33
Disney's Chicken Little,65.0,65.0,58.0,561,62.67
Shadow of Destiny,72.0,72.0,70.0,562,71.33
Trivial Pursuit: Unhinged,60.0,53.0,64.0,563,59.0
King Arthur,63.0,60.0,68.0,564,63.67
Ford Mustang: The Legend Lives,66.0,62.0,76.0,565,68.0
Blinx 2: Masters of Time & Space,67.0,67.0,60.0,566,64.67
True Crime: New York City,65.0,62.0,70.0,567,65.67
Disney•Pixar Finding Nemo,65.0,62.0,72.0,568,66.33
Intellivision Lives!,65.0,62.0,66.0,569,64.33
MLB SlugFest 2006,67.0,59.0,78.0,570,68.0
Spawn: Armageddon,65.0,54.0,80.0,571,66.33
The Hobbit,64.0,63.0,66.0,572,64.33
Reign of Fire,65.0,62.0,70.0,573,65.67
4x4 Evo 2,68.0,67.0,70.0,574,68.33
International Superstar Soccer 2,68.0,71.0,54.0,575,64.33
Knights of the Temple: Infernal Crusade,67.0,66.0,68.0,576,67.0
Mission: Impossible - Operation Surma,66.0,65.0,66.0,577,65.67
NFL Head Coach,64.0,64.0,50.0,578,59.33
Gun Metal,65.0,66.0,60.0,579,63.67
Shattered Union,69.0,68.0,72.0,580,69.67
Ski Racing 2006: Featuring Hermann Maier,70.0,71.0,60.0,581,67.0
Worms 3D,72.0,73.0,72.0,582,72.33
Galleon,66.0,63.0,74.0,583,67.67
Conflict: Vietnam,64.0,62.0,70.0,584,65.33
Alter Echo,66.0,67.0,56.0,585,63.0
Avatar: The Last Airbender,63.0,63.0,58.0,586,61.33
SRS: Street Racing Syndicate,67.0,65.0,72.0,587,68.0
Dark Summit,68.0,69.0,64.0,588,67.0
Test Drive: Off-Road - Wide Open,67.0,67.0,66.0,589,66.67
Egg Mania: Eggstreme Madness,73.0,71.0,88.0,590,77.33
Tim Burton's The Nightmare Before Christmas: Oogie's Revenge,66.0,63.0,74.0,591,67.67
Conan,62.0,62.0,58.0,592,60.67
Inside Pitch 2003,66.0,63.0,66.0,593,65.0
Teenage Mutant Ninja Turtles 3: Mutant Nightmare,65.0,56.0,72.0,594,64.33
Club Football: 2003/04 Season,63.0,59.0,66.0,595,62.67
Scooby-Doo!: Unmasked,67.0,62.0,78.0,596,69.0
Ultimate Fighting Championship: Tapout 2,66.0,67.0,30.0,597,54.33
Dynasty Warriors 5,69.0,68.0,72.0,598,69.67
Alien Hominid,73.0,80.0,60.0,599,71.0
Van Helsing,66.0,66.0,64.0,600,65.33
Taz: Wanted,66.0,63.0,74.0,601,67.67
Circus Maximus: Chariot Wars,65.0,64.0,68.0,602,65.67
Dragon's Lair 3D: Return to the Lair,67.0,66.0,72.0,603,68.33
Big Bumpin',65.0,66.0,50.0,604,60.33
Ty the Tasmanian Tiger 3: Night of the Quinkan,68.0,64.0,78.0,605,70.0
Run Like Hell,68.0,67.0,68.0,606,67.67
Micro Machines,62.0,61.0,56.0,607,59.67
The Incredibles,63.0,62.0,64.0,608,63.0
Pirates of the Caribbean,67.0,67.0,64.0,609,66.0
X-Men: Next Dimension,67.0,61.0,72.0,610,66.67
Pure Pinball: American Pinball Reborn,65.0,65.0,38.0,611,56.0
Turok: Evolution,61.0,66.0,52.0,612,59.67
Mace Griffin: Bounty Hunter,63.0,62.0,68.0,613,64.33
Manhunt,70.0,70.0,70.0,614,70.0
Rally Fusion: Race of Champions,66.0,66.0,60.0,615,64.0
Rapala Pro Fishing,64.0,60.0,62.0,616,62.0
Big Mutha Truckers,66.0,66.0,64.0,617,65.33
RollerCoaster Tycoon: Gold Edition,67.0,60.0,70.0,618,65.67
Ford Racing 3,64.0,58.0,74.0,619,65.33
State of Emergency,60.0,65.0,52.0,620,59.0
Open Season,63.0,61.0,74.0,621,66.0
Batman: Rise of Sin Tzu,63.0,62.0,66.0,622,63.67
Kao the Kangaroo: Round 2,69.0,66.0,72.0,623,69.0
Club Football 2005,60.0,57.0,66.0,624,61.0
The Matrix: Path of Neo,66.0,66.0,66.0,625,66.0
Dead Man's Hand,64.0,64.0,60.0,626,62.67
Harry Potter and the Sorcerer's Stone,65.0,66.0,64.0,627,65.0
Whacked!,64.0,59.0,84.0,628,69.0
WWF Raw,64.0,65.0,58.0,629,62.33
Constantine,65.0,63.0,72.0,630,66.67
Commandos: Strike Force,68.0,66.0,76.0,631,70.0
Hulk,64.0,67.0,58.0,632,63.0
R:Racing Evolution,65.0,64.0,64.0,633,64.33
Fantastic 4,67.0,64.0,78.0,634,69.67
Hot Wheels: Stunt Track Challenge,64.0,60.0,94.0,635,72.67
Totaled!,62.0,61.0,58.0,636,60.33
"SpongeBob SquarePants: Lights, Camera, Pants!",63.0,54.0,72.0,637,63.0
Star Wars: Episode III - Revenge of the Sith,64.0,58.0,74.0,638,65.33
Shellshock: Nam '67,59.0,54.0,68.0,639,60.33
FIFA Street,65.0,66.0,62.0,640,64.33
AirForce Delta Storm,64.0,62.0,66.0,643,64.0
FIFA Street 2,66.0,63.0,78.0,642,69.0
Ghost Master: The Gravenville Chronicles,63.0,59.0,60.0,641,60.67
The Simpsons: Road Rage,67.0,64.0,70.0,644,67.0
Robotech: Invasion,62.0,61.0,56.0,645,59.67
Defender,68.0,71.0,56.0,646,65.0
Group S Challenge,64.0,61.0,72.0,647,65.67
Soldier of Fortune II: Double Helix,76.0,80.0,72.0,648,76.0
Future Tactics: The Uprising,61.0,60.0,60.0,649,60.33
Shadow Ops: Red Mercury,64.0,61.0,68.0,650,64.33
Robots,62.0,50.0,80.0,651,64.0
Stacked with Daniel Negreanu,67.0,65.0,74.0,652,68.67
Medal of Honor: Rising Sun,66.0,64.0,68.0,653,66.0
Cel Damage,66.0,63.0,74.0,654,67.67
Barbie Horse Adventures: Wild Horse Rescue,64.0,55.0,78.0,655,65.67
Enter the Matrix,61.0,63.0,56.0,656,60.0
Big Mutha Truckers 2,61.0,60.0,64.0,657,61.67
Operation Flashpoint: Elite,65.0,63.0,66.0,658,64.67
Auto Modellista,66.0,65.0,68.0,659,66.33
Prisoner of War: World War II,67.0,67.0,68.0,660,67.33
Scooby-Doo!: Mystery Mayhem,66.0,62.0,80.0,661,69.33
Futurama,65.0,61.0,76.0,662,67.33
Freaky Flyers,62.0,70.0,36.0,663,56.0
Namco Museum: 50th Anniversary,63.0,60.0,68.0,664,63.67
Vietcong: Purple Haze,62.0,61.0,56.0,665,59.67
Samurai Shodown V,62.0,58.0,72.0,666,64.0
Sonic Riders,62.0,57.0,74.0,667,64.33
Leisure Suit Larry: Magna Cum Laude,62.0,61.0,60.0,668,61.0
Tork: Prehistoric Punk,63.0,60.0,70.0,669,64.33
Evil Dead: A Fistful of Boomstick,62.0,58.0,66.0,670,62.0
The Italian Job,63.0,60.0,64.0,671,62.33
Robin Hood: Defender of the Crown,64.0,59.0,72.0,672,65.0
Capcom Fighting Evolution,59.0,54.0,72.0,673,61.67
Counter-Strike,66.0,75.0,56.0,674,65.67
Street Hoops,64.0,60.0,72.0,675,65.33
Arena Football,64.0,67.0,46.0,676,59.0
Wallace & Gromit in Project Zoo,61.0,63.0,54.0,677,59.33
Dinotopia: The Sunstone Odyssey,61.0,52.0,68.0,678,60.33
PocketBike Racer,59.0,50.0,64.0,679,57.67
Fila World Tour Tennis,61.0,59.0,50.0,680,56.67
Carve,62.0,60.0,66.0,681,62.67
LMA Manager 2006,63.0,58.0,62.0,682,61.0
David Beckham Soccer,63.0,64.0,44.0,683,57.0
L. A. Rush,61.0,59.0,68.0,684,62.67
World Championship Poker,60.0,56.0,54.0,685,56.67
Aliens Versus Predator: Extinction,63.0,61.0,68.0,686,64.0
Playboy: The Mansion,58.0,58.0,56.0,687,57.33
Gauntlet: Seven Sorrows,62.0,58.0,70.0,688,63.33
Carmen Sandiego: The Secret of the Stolen Drums,63.0,58.0,64.0,690,61.67
Strike Force Bowling,62.0,56.0,68.0,689,62.0
"Ed, Edd n Eddy: The Mis-Edventures",58.0,52.0,56.0,691,55.33
Monster 4x4: World Circuit,56.0,49.0,68.0,692,57.67
Spy Hunter 2,60.0,53.0,76.0,693,63.0
Delta Force: Black Hawk Down,71.0,72.0,66.0,694,69.67
Fallout: Brotherhood of Steel,58.0,66.0,42.0,695,55.33
Maximum Chase,62.0,55.0,52.0,696,56.33
Tao Feng: Fist of the Lotus,62.0,59.0,62.0,697,61.0
The Lord of the Rings: The Fellowship of the Ring,62.0,60.0,62.0,698,61.33
MX World Tour,62.0,50.0,70.0,699,60.67
Fuzion Frenzy,62.0,59.0,64.0,700,61.67
Tom Clancy's Ghost Recon: Advanced Warfighter,58.0,57.0,52.0,701,55.67
Loons: The Fight for Fame,61.0,55.0,60.0,702,58.67
Over the Hedge,62.0,59.0,72.0,703,64.33
Star Wars: Obi-Wan,61.0,55.0,76.0,704,64.0
Marvel Nemesis: Rise of the Imperfects,62.0,57.0,76.0,705,65.0
ESPN International Winter Sports 2002,60.0,59.0,62.0,706,60.33
Dragon Ball Z: Sagas,60.0,50.0,70.0,707,60.0
World Series of Poker,59.0,54.0,66.0,708,59.67
Ultimate Beach Soccer,60.0,56.0,60.0,709,58.67
Judge Dredd: Dredd vs Death,63.0,61.0,64.0,710,62.67
SeaBlade,61.0,56.0,58.0,711,58.33
SVC Chaos: SNK vs. Capcom,62.0,60.0,68.0,712,63.33
Zapper: One Wicked Cricket!,62.0,60.0,64.0,713,62.0
WarPath,57.0,54.0,60.0,714,57.0
Unreal II: The Awakening,72.0,79.0,66.0,715,72.33
GoldenEye: Rogue Agent,63.0,63.0,64.0,716,63.33
New Legends,60.0,56.0,58.0,717,58.0
Triple Play 2002,63.0,63.0,54.0,718,60.0
Rayman Arena,65.0,63.0,68.0,719,65.33
World Racing 2,66.0,66.0,64.0,720,65.33
Legends of Wrestling,56.0,56.0,46.0,721,52.67
Ford Bold Moves Street Racing,59.0,55.0,70.0,722,61.33
CSI: Crime Scene Investigation,60.0,53.0,70.0,723,61.0
Nightcaster: Defeat the Darkness,60.0,60.0,48.0,724,56.0
Arctic Thunder,61.0,59.0,64.0,725,61.33
Frogger: Ancient Shadow,61.0,54.0,66.0,726,60.33
Antz Extreme Racing,54.0,48.0,58.0,727,53.33
Spikeout: Battle Street,60.0,56.0,72.0,728,62.67
Monopoly Party,62.0,57.0,80.0,729,66.33
Speed Kings,64.0,61.0,74.0,730,66.33
Teenage Mutant Ninja Turtles 2: Battle Nexus,58.0,47.0,78.0,731,61.0
Superman Returns,56.0,49.0,74.0,732,59.67
Blade II,56.0,49.0,80.0,733,61.67
Knight's Apprentice: Memorick's Adventures,59.0,53.0,60.0,734,57.33
Toxic Grind,59.0,53.0,52.0,735,54.67
The Dukes of Hazzard: Return of the General Lee,62.0,54.0,80.0,736,65.33
Crouching Tiger Hidden Dragon,56.0,48.0,74.0,737,59.33
Combat: Task Force 121,53.0,44.0,64.0,738,53.67
Tetris Worlds,62.0,60.0,64.0,739,62.0
Showdown: Legends of Wrestling,60.0,56.0,60.0,740,58.67
Reservoir Dogs,61.0,57.0,70.0,741,62.67
Bicycle Casino,59.0,54.0,54.0,742,55.67
Worms Forts: Under Siege,64.0,63.0,62.0,743,63.0
Crusty Demons,54.0,48.0,56.0,744,52.67
Top Gear: RPM Tuning,60.0,54.0,72.0,745,62.0
BMX XXX,56.0,56.0,52.0,746,54.67
ESPN NFL Primetime 2002,59.0,56.0,50.0,747,55.0
Lotus Challenge,62.0,59.0,68.0,748,63.0
Shrek: Super Party,58.0,36.0,72.0,749,55.33
WWE WrestleMania 21,59.0,53.0,76.0,750,62.67
Gungriffon: Allied Strike,59.0,50.0,52.0,751,53.67
Black Stone: Magic & Steel,59.0,52.0,70.0,752,60.33
Beat Down: Fists of Vengeance,55.0,47.0,64.0,753,55.33
SPLAT Magazine: Renegade Paintball,57.0,48.0,66.0,754,57.0
Driv3r,55.0,56.0,50.0,755,53.67
The Terminator: Dawn of Fate,59.0,52.0,70.0,756,60.33
X-Men: The Official Game,62.0,57.0,74.0,757,64.33
Teenage Mutant Ninja Turtles,62.0,53.0,78.0,758,64.33
50 Cent: Bulletproof,54.0,51.0,54.0,759,53.0
187: Ride or Die,60.0,57.0,72.0,760,63.0
GrooveRider: Slot Car Thunder,59.0,52.0,64.0,761,58.33
WinBack 2: Project Poseidon,58.0,52.0,62.0,762,57.33
Dead to Rights II,58.0,54.0,66.0,763,59.33
TMNT: Mutant Melee,60.0,50.0,72.0,764,60.67
Kakuto Chojin: Back Alley Brutal,57.0,45.0,76.0,765,59.33
Motocross Mania 3,56.0,38.0,68.0,766,54.0
Alfa Romeo Racing Italiano,61.0,60.0,58.0,767,59.67
Sneak King,58.0,47.0,72.0,768,59.0
Stolen,55.0,53.0,52.0,769,53.33
Family Guy Video Game!,55.0,52.0,56.0,770,54.33
Spy Hunter: Nowhere to Run,54.0,49.0,56.0,771,53.0
Nightcaster II: Equinox,57.0,42.0,60.0,772,53.0
Backyard Wrestling: Don't Try This at Home,59.0,54.0,68.0,773,60.33
SX Superstar,57.0,53.0,66.0,774,58.67
Mike Tyson Heavyweight Boxing,54.0,51.0,50.0,775,51.67
James Cameron's Dark Angel,58.0,56.0,58.0,776,57.33
Azurik: Rise of Perathia,57.0,56.0,50.0,777,54.33
Yu-Gi-Oh!: The Dawn of Destiny,57.0,48.0,76.0,778,60.33
Army Men: Sarge's War,58.0,48.0,78.0,779,61.33
The Great Escape,59.0,56.0,68.0,780,61.0
Gravity Games Bike: Street • Vert • Dirt,47.0,38.0,54.0,781,46.33
American Chopper,56.0,48.0,68.0,782,57.33
Classified: The Sentinel Crisis,56.0,43.0,52.0,783,50.33
Zathura,55.0,49.0,52.0,784,52.0
Bionicle,61.0,53.0,72.0,785,62.0
Eragon,57.0,55.0,62.0,786,58.0
Land of the Dead: Road to Fiddler's Green,55.0,44.0,62.0,787,53.67
Jaws: Unleashed,61.0,55.0,72.0,788,62.67
AND 1 Streetball,56.0,51.0,72.0,789,59.67
Tecmo Classic Arcade,55.0,51.0,80.0,790,62.0
Hummer: Badlands,58.0,44.0,66.0,791,56.0
Superman: The Man of Steel,55.0,44.0,82.0,792,60.33
Iron Phoenix,57.0,46.0,50.0,793,51.0
The Guy Game,52.0,43.0,58.0,794,51.0
Red Ninja: End of Honor,52.0,46.0,60.0,795,52.67
Backyard Wrestling 2: There Goes the Neighborhood,54.0,51.0,52.0,796,52.33
Shadow the Hedgehog,54.0,48.0,62.0,797,54.67
Shrek,53.0,45.0,62.0,798,53.33
Minority Report: Everybody Runs,54.0,50.0,50.0,799,51.33
Malice,57.0,45.0,76.0,800,59.33
Predator: Concrete Jungle,53.0,47.0,60.0,801,53.33
Murakumo: Renegade Mech Pursuit,53.0,45.0,70.0,802,56.0
Star Trek: Shattered Universe,53.0,49.0,52.0,803,51.33
Metal Dungeon,53.0,43.0,64.0,804,53.33
Spy vs Spy,53.0,46.0,62.0,805,53.67
Dino Crisis 3,53.0,49.0,54.0,806,52.0
Smashing Drive,53.0,48.0,54.0,807,51.67
The Da Vinci Code,54.0,55.0,48.0,808,52.33
Bad Boys: Miami Takedown,47.0,46.0,42.0,809,45.0
RoboCop,54.0,39.0,64.0,810,52.33
NARC,51.0,47.0,50.0,811,49.33
Xiaolin Showdown,52.0,39.0,74.0,812,55.0
25 to Life,47.0,42.0,56.0,813,48.33
Mob Enforcer,52.0,46.0,50.0,814,49.33
Catwoman,49.0,46.0,52.0,815,49.0
Without Warning,49.0,42.0,72.0,816,54.33
Army Men: Major Malfunction,51.0,28.0,64.0,817,47.67
Sneakers,47.0,28.0,46.0,818,40.33
Charlie and the Chocolate Factory,42.0,38.0,48.0,819,42.67
Pulse Racer,46.0,28.0,28.0,820,34.0
Torino 2006,50.0,45.0,66.0,821,53.67
"Final Fight: ""Streetwise""",46.0,40.0,56.0,822,47.33
Bruce Lee: Quest of the Dragon,44.0,39.0,48.0,823,43.67
Stake: Fortune Fighters,44.0,28.0,40.0,824,37.33
Kabuki Warriors,44.0,27.0,38.0,825,36.33
MTV Celebrity Deathmatch,45.0,36.0,58.0,826,46.33
Crime Life: Gang Wars,44.0,36.0,62.0,827,47.33
Batman: Dark Tomorrow,37.0,30.0,40.0,828,35.67
Fight Club,41.0,36.0,48.0,829,41.67
Terminator 3: Rise of the Machines,41.0,36.0,46.0,830,41.0
Drake of the 99 Dragons,42.0,24.0,48.0,831,38.0
Aquaman: Battle for Atlantis,31.0,24.0,24.0,832,26.33
2 Games in 1: Shrek 2 / Shark Tale,,,,,
2 in 1 Combo Pack: Sonic Heroes & Super Monkey Ball Deluxe,,,,,
2 in 1 Combo Pack: Sonic Mega Collection Plus & Super Monkey Ball Deluxe,,,,,
AFL Live 2003,,73.0,64.0,,68.5
AFL Live 2004,,64.0,40.0,,52.0
AFL Live: Premiership Edition,,39.0,56.0,,47.5
AFL Premiership 2005,,51.0,60.0,,55.5
America's Army: Rise of a Soldier (Special Edition),,,,,
American Chopper 2: Full Throttle,62.0,54.0,62.0,,59.33
AMF Bowling 2004,,40.0,44.0,,42.0
AMF Xtreme Bowling,,30.0,46.0,,38.0
Angelic Concert,,,,,
Animaniacs: The Great Edgar Hunt,65.0,61.0,78.0,,68.0
Aoi Namida (Shokaiban),,,,,
AstroPop Deluxe,74.0,79.0,70.0,,74.33
Barbarian,62.0,58.0,,,60.0
Bass Pro Shops: Trophy Bass 2007,,,,,
Bass Pro Shops: Trophy Hunter 2007,,,,,
Beats of Rage,74.0,77.0,74.0,,75.0
Bejeweled: Deluxe,71.0,76.0,68.0,,71.67
Biniax 2,,,60.0,,60.0
Bistro Cupid (Doki Doki Recipe Box),,,,,
Breeders' Cup World Thoroughbred Championships,58.0,47.0,56.0,,53.67
Brian Lara International Cricket 2005,75.0,77.0,76.0,,76.0
Cabela's Big Game Hunter 2005 Adventures,69.0,69.0,64.0,,67.33
Cabela's Dangerous Hunts,65.0,60.0,68.0,,64.33
Cabela's Dangerous Hunts 2,66.0,59.0,82.0,,69.0
Cabela's Deer Hunt: 2004 Season,,74.0,62.0,,68.0
Cabela's Deer Hunt: 2005 Season,69.0,67.0,72.0,,69.33
Cabela's Outdoor Adventures,,,,,
Call of Duty 2: Big Red One (Collector's Edition),,,96.0,,96.0
Castle Shikigami 2,66.0,69.0,62.0,,65.67
Castle Shikigami II (Limited Edition),,,,,
Championship Bowling,,,,,
Championship Manager 2006,,68.0,,,68.0
Championship Manager 5,59.0,49.0,66.0,,58.0
Championship Manager: Season 02/03,,93.0,94.0,,93.5
Chessmaster 10th Edition,79.0,83.0,88.0,,83.33
Codename: Kids Next Door - Operation: V.I.D.E.O.G.A.M.E.,60.0,51.0,72.0,,61.0
Combat★Elite: WWII Paratroopers,,60.0,66.0,,63.0
Conspiracy: Weapons of Mass Destruction,41.0,31.0,44.0,,38.67
Corvette,61.0,59.0,56.0,,58.67
Crash Superpack: 2 Super Games - Crash Nitro Kart / Crash Bandicoot: The Wrath of Cortex,,,,,
Cricket 2005,63.0,53.0,72.0,,62.67
Cupid Bistro!!,,,,,
Cupid Bistro!! 2,,,,,
Curious George,63.0,58.0,46.0,,55.67
Daemon Vector,47.0,38.0,32.0,,39.0
Dakar 2: The World's Ultimate Rally,64.0,59.0,70.0,,64.33
Dance:UK,,65.0,52.0,,58.5
Dennou Taisen DroneZ,,76.0,,,76.0
Digimon World 4,65.0,51.0,100.0,,72.0
Dino and Aliens,67.0,66.0,56.0,,63.0
"Disney/Pixar Finding Nemo / Disney presents a Pixar film, The Incredibles: Double Pack",,,,,
Disney•Pixar Ratatouille,67.0,63.0,84.0,,71.33
Doom³ (Limited Collector's Edition),,100.0,68.0,,84.0
Double S.T.E.A.L: The Second Clash,,,88.0,,88.0
Dr. Seuss' The Cat in the Hat,60.0,55.0,66.0,,60.33
Drihoo,,,,,
England International Football,,56.0,,,56.0
Escape 03,,,,,
ESPN MLS ExtraTime 2002,,68.0,,,68.0
ESPN NBA 2Night 2002,62.0,59.0,64.0,,61.67
Evil Dead (Special Movie Edition),,,,,
Exaskeleton,,,60.0,,60.0
Fable (Preorder Edition),,,,,
First Battalion,63.0,60.0,64.0,,62.33
Flight Academy,,,,,
Ford Vs. Chevy,,56.0,74.0,,65.0
Freestyle Street Soccer,56.0,52.0,58.0,,55.33
Frogger Beyond,56.0,63.0,40.0,,53.0
Furious Karting,,67.0,80.0,,73.5
Gene Troopers,52.0,48.0,50.0,,50.0
Gotcha! Extreme Paintball,59.0,56.0,50.0,,55.0
Grand Theft Auto: The Trilogy,75.0,100.0,74.0,,83.0
Guilty Gear Isuka,67.0,63.0,74.0,,68.0
Halo Triple Pack,,,50.0,,50.0
Hardwood Solitaire III,,,,,
Hello Kitty: Roller Rescue,65.0,62.0,68.0,,65.0
High Rollers Casino,,,,,
IHRA Drag Racing 2004,,36.0,62.0,,49.0
IHRA Drag Racing: Sportsman Edition,,,,,
IHRA Professional Drag Racing 2005,,41.0,66.0,,53.5
Innocent Tears,,,,,
Jacked,54.0,46.0,54.0,,51.33
Knights of the Temple II,65.0,62.0,68.0,,65.0
l'Abbaye des Morts,,85.0,,,85.0
Largo Winch: Empire Under Threat,66.0,65.0,68.0,,66.33
Le Tour de France,60.0,59.0,44.0,,54.33
Leisure Suit Larry: Magna Cum Laude (Uncut and Uncensored!),64.0,61.0,66.0,,63.67
LMA Manager 2003,73.0,75.0,,,74.0
Madden NFL 08,76.0,77.0,78.0,,77.0
Madden NFL 09,73.0,76.0,,,74.5
Magatama,,,,,
Magi Death Fight!,,,,,
Major League Baseball 2K5: World Series 05 Edition,,,,,
Major League Baseball 2K7,74.0,75.0,,,74.5
Manchester United Manager 2005,,,,,
Marble Blast,71.0,70.0,78.0,,73.0
Marc Ecko's Getting Up: Contents Under Pressure (Limited Edition),,,,,
MechAssault 2: Lone Wolf (Limited Edition),,,80.0,,80.0
Melbourne Cup Challenge,,,80.0,,80.0
Metal Slug 4,76.0,67.0,80.0,,74.33
Metal Slug 5,77.0,66.0,84.0,,75.67
Metal Wolf Chaos,,60.0,94.0,,77.0
Miami Vice,46.0,30.0,74.0,,50.0
Mobile Light Force 2,63.0,59.0,68.0,,63.33
Mojo!,63.0,57.0,,,60.0
Monster Garage,,43.0,62.0,,52.5
Mortal Kombat: Deception - Premium Pack,72.0,,72.0,,72.0
Ms. Pac-Man,71.0,73.0,70.0,,71.33
MTV: Music Generator 3,,63.0,,,63.0
Mutant Storm,84.0,88.0,90.0,,87.33
N.U.D.E.@: Natural Ultimate Digital Experiment,,,,,
Namco Vintage,,50.0,,,50.0
NBA Starting Five,,,,,
NCAA Football 08,79.0,81.0,,,80.0
NCAA Football 2005 / Top Spin,,,,,
Need for Speed: Most Wanted (Black Edition),74.0,,76.0,,75.0
Neighbors from Hell,62.0,55.0,60.0,,59.0
Nickelodeon Party Blast,,24.0,48.0,,36.0
Nobunaga no Yabō: Ranseiki,,,,,
NRL Rugby League,,,18.0,,18.0
Outlaw Golf: 9 More Holes of X-Mas,,,,,
Outlaw Golf: Holiday Golf,,,,,
Outlaw Volleyball: Red Hot,,,,,
Pilot Down: Behind Enemy Lines,56.0,50.0,56.0,,54.0
Plus Plumb 2,,,,,
Pool:shark 2,67.0,65.0,60.0,,64.0
Pro Cast: Sports Fishing Game,,,,,
Pro Fishing Challenge,,,,,
Pro Pinball: Trilogy,71.0,69.0,74.0,,71.33
Psyvariar 2,,87.0,80.0,,83.5
Pump It Up: Exceed,74.0,76.0,,,75.0
R/C Helicopter: Indoor Flight Simulation,63.0,54.0,68.0,,61.67
Rent A Hero No. 1,69.0,72.0,54.0,,65.0
Ricochet: Lost Worlds,72.0,74.0,72.0,,72.67
Robot Wars: Extreme Destruction,,55.0,52.0,,53.5
Robotech: Battlecry (Collector's Edition),,,60.0,,60.0
Rolling,60.0,49.0,60.0,,56.33
Room Zoom: Race for Impact,,30.0,,,30.0
Rugby Challenge 2006,,,,,
Rugby League 2,,75.0,76.0,,75.5
Sega GT 2002 / JSRF: Jet Set Radio Future,,,72.0,,72.0
Shamu's Deep Sea Adventures,,34.0,68.0,,51.0
Shin Megami Tensei Nine,,,48.0,,48.0
Shrek 2 VS 212 Fragrance,,,,,
Star Wars: The Clone Wars / Tetris Worlds,,,,,
Super Bubble Pop,61.0,55.0,64.0,,60.0
Super Collapse! II,72.0,70.0,82.0,,74.67
Super Mario War,,,,,
Taito Legends 2,73.0,75.0,70.0,,72.67
Teen Titans,66.0,61.0,78.0,,68.33
Tenerezza,,,92.0,,92.0
The Beast,,,,,
The Bible Game,,62.0,,,62.0
The Fairly OddParents!: Breakin' da Rules,64.0,54.0,78.0,,65.33
The Godfather (Limited Edition),,,50.0,,50.0
The Hustle: Detroit Streets,60.0,57.0,60.0,,59.0
The King of Fighters 2002: Challenge to Ultimate Battle,73.0,78.0,74.0,,75.0
The King of Fighters 2003,73.0,78.0,70.0,,73.67
The Legend of Spyro: A New Beginning,69.0,63.0,90.0,,74.0
The Wild Rings,,,,,
ThinkTanks,71.0,75.0,54.0,,66.67
Thousand Land,,,,,
Tom and Jerry in War of the Whiskers,65.0,59.0,74.0,,66.0
Tom Clancy's Classic Trilogy,,80.0,80.0,,80.0
Tom Clancy's Splinter Cell: Chaos Theory (Limited Collector's Edition),69.0,98.0,66.0,,77.67
Total Club Manager 2004,76.0,78.0,80.0,,78.0
Total Club Manager 2005,77.0,78.0,90.0,,81.67
Triangle Again,,,,,
Triangle Again 2,,,,,
Trigger Man,50.0,29.0,44.0,,41.0
True Crime: New York City (Collector's Edition),,,80.0,,80.0
Ultra Bust-a-Move,,67.0,,,67.0
Virtual Pool: Tournament Edition,,,,,
Volvo: Drive For Life,,,60.0,,60.0
WCR: World Championship Rugby,69.0,68.0,68.0,,68.33
Whiteout,56.0,48.0,72.0,,58.67
World Championship Snooker 2003,72.0,77.0,52.0,,67.0
World Poker Tour,65.0,63.0,70.0,,66.0
World War II Combat: Iwo Jima,43.0,26.0,40.0,,36.33
World War II Combat: Road to Berlin,49.0,24.0,54.0,,42.33
WTA Tour Tennis,59.0,53.0,56.0,,56.0
Yetisports: Arctic Adventures,,30.0,,,30.0
Yourself!Fitness,,71.0,40.0,,55.5
Zuma Deluxe,75.0,79.0,74.0,,76.0
