title,moby_score,critics_score,player_score,xbox_score
Tom Clancy's Splinter Cell: Chaos Theory,"
    8.1
  ","
        83%
        ",3.9 stars,#1
Ninja Gaiden Black,"
    8.9
  ","
        94%
        ",4.1 stars,#2
Forza Motorsport,"
    8.9
  ","
        92%
        ",3.9 stars,#3
Project Gotham Racing 2,"
    8.8
  ","
        93%
        ",3.7 stars,#4
Burnout 3: Takedown,"
    8.7
  ","
        92%
        ",3.9 stars,#5
Prince of Persia: The Sands of Time,"
    8.4
  ","
        91%
        ",3.9 stars,#6
Tom Clancy's Splinter Cell: Pandora Tomorrow,"
    8.3
  ","
        90%
        ",3.7 stars,#7
Grand Theft Auto: San Andreas,"
    8.4
  ","
        93%
        ",3.9 stars,#8
Star Wars: Knights of the Old Republic,"
    8.5
  ","
        92%
        ",4 stars,#9
Ninja Gaiden,"
    8.7
  ","
        91%
        ",3.8 stars,#10
Rockstar Games Double Pack: Grand Theft Auto,"
    8.4
  ","
        94%
        ",3.4 stars,#11
ESPN NFL 2K5,"
    8.7
  ","
        89%
        ",4.7 stars,#12
Burnout: Revenge,"
    8.6
  ","
        89%
        ",4 stars,#13
Madden NFL 2005,"
    8.6
  ","
        88%
        ",4.1 stars,#14
NFL 2K3,"
    8.6
  ","
        90%
        ",4 stars,#15
Halo 2,"
    8.2
  ","
        89%
        ",3.6 stars,#16
Tom Clancy's Splinter Cell,"
    8.1
  ","
        91%
        ",3.7 stars,#17
NBA Street V3,"
    8.7
  ","
        89%
        ",3.9 stars,#18
SoulCalibur II,"
    8.5
  ","
        90%
        ",3.9 stars,#19
Brothers in Arms: Road to Hill 30,"
    8.1
  ","
        85%
        ",3.6 stars,#20
Madden NFL 2004,"
    8.3
  ","
        90%
        ",2.9 stars,#21
SSX 3,"
    8.6
  ","
        90%
        ",3.9 stars,#22
RalliSport Challenge 2,"
    8.4
  ","
        89%
        ",4 stars,#23
World Series Baseball 2K3,"
    8.4
  ","
        88%
        ",4.9 stars,#24
Crimson Skies: High Road to Revenge,"
    8.4
  ","
        88%
        ",3.9 stars,#25
Tony Hawk's Pro Skater 3,"
    8.0
  ","
        88%
        ",3.6 stars,#26
The Chronicles of Riddick: Escape from Butcher Bay,"
    8.4
  ","
        88%
        ",4 stars,#27
ESPN NBA Basketball,"
    8.4
  ","
        87%
        ",4.4 stars,#28
ESPN NFL Football,"
    8.4
  ","
        88%
        ",2.8 stars,#29
The Elder Scrolls III: Morrowind - Game of the Year Edition,"
    8.3
  ","
        91%
        ",4 stars,#30
Madden NFL 06,"
    8.3
  ","
        86%
        ",3.3 stars,#31
ESPN NHL 2K5,"
    8.4
  ","
        87%
        ",3.9 stars,#32
Fight Night Round 2,"
    8.2
  ","
        87%
        ",3.2 stars,#33
Tony Hawk's Pro Skater 4,"
    8.0
  ","
        88%
        ",3.5 stars,#34
RalliSport Challenge,"
    8.0
  ","
        83%
        ",3.3 stars,#35
Jade Empire,"
    8.3
  ","
        88%
        ",3.8 stars,#36
NCAA Football 2003,"
    8.3
  ","
        90%
        ",2.8 stars,#37
Halo: Combat Evolved,"
    7.8
  ","
        91%
        ",3.6 stars,#38
Tom Clancy's Rainbow Six 3: Black Arrow,"
    8.3
  ","
        85%
        ",4.5 stars,#39
MotoGP: Ultimate Racing Technology,"
    8.0
  ","
        84%
        ",3.2 stars,#40
Madden NFL 2002,"
    8.6
  ","
        90%
        ",3.2 stars,#41
Colin McRae Rally 04,"
    8.3
  ","
        85%
        ",3.9 stars,#42
Far Cry: Instincts,"
    8.3
  ","
        86%
        ",3.7 stars,#43
Colin McRae Rally 3,"
    8.3
  ","
        85%
        ",4 stars,#44
Tiger Woods PGA Tour 2005,"
    8.3
  ","
        86%
        ",3.8 stars,#45
The Elder Scrolls III: Morrowind,"
    8.3
  ","
        89%
        ",4 stars,#46
NCAA Football 2004,"
    8.7
  ","
        92%
        ",4 stars,#47
Panzer Dragoon Orta,"
    8.2
  ","
        87%
        ",3.9 stars,#48
Tom Clancy's Splinter Cell: Double Agent,"
    7.7
  ","
        77%
        ",3.9 stars,#49
ESPN NHL Hockey,"
    8.2
  ","
        86%
        ",3.6 stars,#50
NCAA Football 07,"
    8.1
  ","
        82%
        ",4 stars,#51
NBA 2K6,"
    8.1
  ","
        83%
        ",4 stars,#52
NBA Street Vol. 2,"
    8.4
  ","
        88%
        ",3.5 stars,#53
NCAA Football 2005,"
    8.4
  ","
        89%
        ",3.6 stars,#54
X-Men: Legends II - Rise of Apocalypse,"
    7.9
  ","
        82%
        ",3.6 stars,#55
Tiger Woods PGA Tour 2004,"
    8.0
  ","
        85%
        ",2.8 stars,#56
Brothers in Arms: Earned in Blood,"
    7.9
  ","
        81%
        ",3.7 stars,#57
JSRF: Jet Set Radio Future,"
    8.2
  ","
        86%
        ",4 stars,#58
NCAA Football 06,"
    8.5
  ","
        91%
        ",4.6 stars,#59
World Soccer: Winning Eleven 8 International,"
    8.1
  ","
        88%
        ",3.5 stars,#60
NHL 2K6,"
    7.9
  ","
        81%
        ",3.3 stars,#62
Doom³,"
    7.8
  ","
        85%
        ",3.7 stars,#63
Prince of Persia: The Two Thrones,"
    7.9
  ","
        81%
        ",3.9 stars,#64
Beyond Good & Evil,"
    8.1
  ","
        87%
        ",3.9 stars,#65
Top Spin,"
    7.9
  ","
        81%
        ",3.5 stars,#66
Metal Gear Solid 2: Substance,"
    7.9
  ","
        85%
        ",3.7 stars,#67
MotoGP 2,"
    8.0
  ","
        84%
        ",2.8 stars,#68
Amped 2,"
    8.1
  ","
        82%
        ",4.6 stars,#69
ESPN NBA 2K5,"
    8.1
  ","
        83%
        ",4 stars,#70
Tom Clancy's Ghost Recon 2: Summit Strike,"
    8.1
  ","
        83%
        ",,#71
Colin McRae Rally 2005,"
    8.1
  ","
        81%
        ",4.2 stars,#72
Tom Clancy's Rainbow Six 3,"
    7.6
  ","
        80%
        ",3.4 stars,#73
Dead or Alive 3,"
    8.1
  ","
        86%
        ",3.8 stars,#74
MechAssault,"
    8.1
  ","
        85%
        ",3.5 stars,#75
Dead or Alive: Ultimate,"
    8.1
  ","
        82%
        ",4 stars,#76
MVP Baseball 2004,"
    7.9
  ","
        86%
        ",3.2 stars,#77
Psychonauts,"
    7.9
  ","
        86%
        ",3.8 stars,#78
The Incredible Hulk: Ultimate Destruction,"
    8.0
  ","
        81%
        ",3.9 stars,#79
MotoGP: Ultimate Racing Technology 3,"
    7.9
  ","
        83%
        ",2.8 stars,#80
NASCAR 2005: Chase for the Cup,"
    8.2
  ","
        87%
        ",4 stars,#81
World Soccer: Winning Eleven 9,"
    8.3
  ","
        90%
        ",3.3 stars,#82
Hitman 2: Silent Assassin,"
    8.0
  ","
        84%
        ",3.8 stars,#83
Kelly Slater's Pro Surfer,"
    7.6
  ","
        76%
        ",4 stars,#84
NHL 2004,"
    8.1
  ","
        85%
        ",3.6 stars,#85
OutRun 2,"
    8.1
  ","
        82%
        ",4.1 stars,#86
Mercenaries: Playground of Destruction,"
    8.0
  ","
        83%
        ",3.9 stars,#87
Silent Hill 2: Restless Dreams,"
    8.1
  ","
        81%
        ",4.1 stars,#88
Indigo Prophecy,"
    7.9
  ","
        84%
        ",3.8 stars,#89
Fable: The Lost Chapters,"
    8.0
  ","
        83%
        ",3.8 stars,#90
Oddworld: Stranger's Wrath,"
    7.9
  ","
        81%
        ",3.9 stars,#91
TimeSplitters: Future Perfect,"
    8.1
  ","
        86%
        ",3.8 stars,#92
TOCA Race Driver 2,"
    8.2
  ","
        85%
        ",3.9 stars,#93
Burnout 2: Point of Impact,"
    8.2
  ","
        88%
        ",3.6 stars,#94
Star Wars: Knights of the Old Republic II - The Sith Lords,"
    8.1
  ","
        83%
        ",4 stars,#95
NBA 2K2,"
    8.2
  ","
        90%
        ",3.3 stars,#96
Tony Hawk's Underground,"
    7.8
  ","
        85%
        ",3.5 stars,#97
Phantom Dust,"
    8.0
  ","
        83%
        ",4.3 stars,#98
Madden NFL 2003,"
    8.4
  ","
        88%
        ",3.8 stars,#99
NBA 2K7,"
    8.3
  ","
        84%
        ",4.5 stars,#100
NHL 2003,"
    7.8
  ","
        81%
        ",3.6 stars,#101
TOCA Race Driver 3,"
    8.3
  ","
        84%
        ",3.9 stars,#102
Tony Hawk's Pro Skater 2x,"
    7.9
  ","
        85%
        ",3.7 stars,#103
NASCAR Thunder 2002,"
    8.1
  ","
        84%
        ",4.3 stars,#104
World Series Baseball,"
    7.9
  ","
        84%
        ",4.3 stars,#105
NHL Hitz 20-03,"
    8.0
  ","
        81%
        ",4.2 stars,#106
Psi-Ops: The Mindgate Conspiracy,"
    7.8
  ","
        81%
        ",3.8 stars,#107
Tom Clancy's Ghost Recon,"
    7.7
  ","
        83%
        ",3.5 stars,#108
Max Payne,"
    8.3
  ","
        88%
        ",4.1 stars,#109
Tom Clancy's Ghost Recon 2: 2011 - Final Assault,"
    7.9
  ","
        81%
        ",3.9 stars,#110
Midnight Club 3: DUB Edition Remix,"
    7.9
  ","
        86%
        ",4 stars,#111
FIFA Soccer 2003,"
    7.8
  ","
        82%
        ",3.5 stars,#112
007: Everything or Nothing,"
    8.0
  ","
        83%
        ",3.8 stars,#113
Unreal Championship,"
    7.9
  ","
        85%
        ",3.1 stars,#114
Guilty Gear X2: The Midnight Carnival #Reload,"
    7.8
  ","
        85%
        ",3.5 stars,#115
ESPN College Hoops 2K5,"
    7.4
  ","
        77%
        ",,#116
Major League Baseball 2K5,"
    7.9
  ","
        81%
        ",4.3 stars,#117
NBA 2K3,"
    8.0
  ","
        83%
        ",3.9 stars,#118
Fable,"
    7.9
  ","
        82%
        ",3.9 stars,#119
Steel Battalion,"
    7.9
  ","
        81%
        ",4 stars,#120
Conker: Live & Reloaded,"
    7.9
  ","
        81%
        ",3.9 stars,#121
Shenmue II,"
    8.4
  ","
        88%
        ",4.1 stars,#122
NBA Live 2005,"
    7.9
  ","
        83%
        ",3.2 stars,#123
NFL 2K2,"
    8.2
  ","
        90%
        ",3 stars,#124
TimeSplitters 2,"
    8.2
  ","
        89%
        ",3.8 stars,#125
Amped: Freestyle Snowboarding,"
    7.9
  ","
        83%
        ",3.7 stars,#126
Midnight Club 3: DUB Edition,"
    7.9
  ","
        80%
        ",4 stars,#127
Project Gotham Racing,"
    7.9
  ","
        83%
        ",3.8 stars,#128
Rayman 3: Hoodlum Havoc,"
    8.0
  ","
        78%
        ",4.2 stars,#129
LEGO Star Wars II: The Original Trilogy,"
    8.0
  ","
        81%
        ",3.9 stars,#130
Capcom Classics Collection,"
    7.9
  ","
        81%
        ",4 stars,#131
Metal Arms: Glitch in the System,"
    7.8
  ","
        78%
        ",4.1 stars,#132
NHL 2K3,"
    8.0
  ","
        84%
        ",3.7 stars,#133
Fight Night 2004,"
    7.8
  ","
        81%
        ",3.5 stars,#134
Tony Hawk's American Wasteland,"
    7.5
  ","
        77%
        ",3.6 stars,#135
MVP Baseball 2005,"
    8.2
  ","
        88%
        ",3.9 stars,#136
Need for Speed: Most Wanted,"
    7.9
  ","
        84%
        ",3.7 stars,#137
Phantasy Star Online: Episode I & II,"
    7.9
  ","
        84%
        ",3.6 stars,#138
Def Jam: Fight for NY,"
    8.0
  ","
        84%
        ",3.7 stars,#139
Sphinx and the Cursed Mummy,"
    7.5
  ","
        76%
        ",3.6 stars,#140
Peter Jackson's King Kong: The Official Game of the Movie,"
    7.7
  ","
        79%
        ",3.6 stars,#141
Battlefield 2: Modern Combat,"
    7.7
  ","
        79%
        ",3.4 stars,#142
Wakeboarding Unleashed featuring Shaun Murray,"
    7.9
  ","
        80%
        ",4.5 stars,#143
Sid Meier's Pirates!: Live the Life,"
    8.1
  ","
        81%
        ",4.1 stars,#144
MX Superfly Featuring Ricky Carmichael,"
    7.6
  ","
        77%
        ",3 stars,#145
Tiger Woods PGA Tour 06,"
    8.0
  ","
        84%
        ",3.3 stars,#146
NBA Live 2004,"
    7.8
  ","
        82%
        ",3.2 stars,#147
NBA Live 2003,"
    8.0
  ","
        86%
        ",2.9 stars,#148
NHL 06,"
    7.9
  ","
        81%
        ",3.6 stars,#149
Dance Dance Revolution: Ultramix,"
    7.8
  ","
        85%
        ",2.7 stars,#150
NHL 2002,"
    8.1
  ","
        86%
        ",3.7 stars,#151
NHL Hitz 20-02,"
    7.9
  ","
        80%
        ",3.5 stars,#152
NBA Ballers,"
    7.9
  ","
        81%
        ",,#153
Fatal Frame II: Crimson Butterfly - Director's Cut,"
    7.8
  ","
        82%
        ",3.6 stars,#154
NFL Street,"
    7.9
  ","
        81%
        ",3.2 stars,#155
NASCAR Thunder 2003,"
    7.8
  ","
        82%
        ",3.7 stars,#156
Aggressive Inline,"
    8.1
  ","
        86%
        ",3 stars,#157
The Warriors,"
    8.1
  ","
        82%
        ",4 stars,#158
The Lord of the Rings: The Return of the King,"
    7.8
  ","
        80%
        ",3.8 stars,#159
NCAA College Basketball 2K3,"
    7.9
  ","
        83%
        ",,#160
NCAA March Madness 06,"
    7.5
  ","
        75%
        ",5 stars,#161
Star Wars: Republic Commando,"
    7.7
  ","
        76%
        ",3.9 stars,#162
Half-Life 2,"
    8.7
  ","
        93%
        ",4.2 stars,#163
NBA Inside Drive 2002,"
    7.7
  ","
        81%
        ",3.7 stars,#164
NASCAR Heat 2002,"
    7.9
  ","
        81%
        ",4.5 stars,#165
Call of Duty 3,"
    7.7
  ","
        78%
        ",3.7 stars,#166
Full Spectrum Warrior,"
    7.6
  ","
        80%
        ",3.4 stars,#167
Star Wars: Battlefront,"
    7.6
  ","
        78%
        ",3.8 stars,#168
MX vs. ATV Unleashed,"
    7.5
  ","
        77%
        ",3.4 stars,#169
SSX on Tour,"
    8.0
  ","
        82%
        ",3.6 stars,#170
Oddworld: Munch's Oddysee,"
    7.6
  ","
        76%
        ",3.9 stars,#171
OutRun 2006: Coast 2 Coast,"
    7.9
  ","
        80%
        ",3.9 stars,#172
SSX Tricky,"
    8.0
  ","
        87%
        ",3.7 stars,#173
FIFA Soccer 2004,"
    7.6
  ","
        79%
        ",3.3 stars,#174
Call of Duty 2: Big Red One,"
    7.9
  ","
        80%
        ",3.9 stars,#175
FIFA Soccer 2005,"
    7.6
  ","
        81%
        ",3.2 stars,#176
Tony Hawk's Underground 2,"
    7.6
  ","
        84%
        ",3.3 stars,#177
Disney's Extreme Skate Adventure,"
    7.5
  ","
        76%
        ",3.7 stars,#178
Spider-Man,"
    7.4
  ","
        77%
        ",3.5 stars,#179
Madden NFL 07,"
    8.1
  ","
        82%
        ",3.9 stars,#180
Tom Clancy's Ghost Recon: Island Thunder,"
    7.9
  ","
        80%
        ",3.9 stars,#181
Tiger Woods PGA Tour 07,"
    7.6
  ","
        77%
        ",3.2 stars,#182
Star Wars: Jedi Knight II - Jedi Outcast,"
    7.9
  ","
        85%
        ",3.7 stars,#183
Fight Night Round 3,"
    8.3
  ","
        85%
        ",4 stars,#184
Need for Speed: Underground 2,"
    7.7
  ","
        83%
        ",3.6 stars,#185
Return to Castle Wolfenstein: Tides of War,"
    7.7
  ","
        79%
        ",3.9 stars,#186
Mortal Kombat: Deception,"
    7.7
  ","
        80%
        ",3.7 stars,#187
Baldur's Gate: Dark Alliance,"
    7.6
  ","
        81%
        ",3.6 stars,#188
NHL Hitz Pro,"
    7.8
  ","
        78%
        ",4.5 stars,#189
Spider-Man 2,"
    7.7
  ","
        78%
        ",3.8 stars,#190
Ultimate Spider-Man,"
    7.6
  ","
        77%
        ",3.7 stars,#191
College Hoops 2K6,"
    7.5
  ","
        76%
        ",3 stars,#192
Star Wars: Jedi Knight - Jedi Academy,"
    7.6
  ","
        77%
        ",3.7 stars,#193
Super Monkey Ball Deluxe,"
    7.7
  ","
        79%
        ",3.6 stars,#194
Gun,"
    7.7
  ","
        79%
        ",3.7 stars,#195
Unreal Championship 2: The Liandri Conflict,"
    7.7
  ","
        78%
        ",3.9 stars,#196
Splashdown,"
    8.0
  ","
        83%
        ",3.6 stars,#197
The Sims,"
    7.7
  ","
        79%
        ",3.8 stars,#198
Rocky,"
    7.8
  ","
        79%
        ",3.8 stars,#199
Capcom Classics Collection: Volume 2,"
    7.4
  ","
        73%
        ",4.6 stars,#201
Tiger Woods PGA Tour 2003,"
    7.8
  ","
        86%
        ",2.6 stars,#202
Kingdom Under Fire: The Crusaders,"
    7.7
  ","
        81%
        ",3.3 stars,#203
Dynasty Warriors 4,"
    7.5
  ","
        76%
        ",3.9 stars,#204
MX Unleashed,"
    7.8
  ","
        80%
        ",3.6 stars,#205
NFL Fever 2002,"
    7.6
  ","
        80%
        ",3.3 stars,#206
NBA Inside Drive 2003,"
    7.6
  ","
        78%
        ",3.8 stars,#207
Lara Croft: Tomb Raider - Legend,"
    7.8
  ","
        81%
        ",3.8 stars,#208
MLB SlugFest 20-03,"
    7.4
  ","
        76%
        ",3.6 stars,#209
Metal Slug 3,"
    8.0
  ","
        81%
        ",4 stars,#210
Need for Speed: Underground,"
    7.6
  ","
        82%
        ",3.6 stars,#211
The Suffering,"
    7.7
  ","
        78%
        ",3.9 stars,#212
MX 2002 featuring Ricky Carmichael,"
    7.6
  ","
        77%
        ",4.2 stars,#213
Midnight Club II,"
    7.8
  ","
        82%
        ",3.6 stars,#214
Buffy the Vampire Slayer,"
    7.6
  ","
        78%
        ",3.6 stars,#215
Far Cry: Instincts - Evolution,"
    7.6
  ","
        76%
        ",4.4 stars,#216
Darkwatch,"
    7.7
  ","
        78%
        ",3.7 stars,#217
NASCAR 06: Total Team Control,"
    7.8
  ","
        81%
        ",3.8 stars,#218
Sega Soccer Slam,"
    7.5
  ","
        78%
        ",3.2 stars,#219
Hitman: Blood Money,"
    8.0
  ","
        83%
        ",3.9 stars,#220
Genma Onimusha,"
    7.6
  ","
        79%
        ",3 stars,#221
MechAssault 2: Lone Wolf,"
    7.6
  ","
        79%
        ",2.9 stars,#222
The Suffering: Ties That Bind,"
    7.5
  ","
        77%
        ",3.6 stars,#223
Midtown Madness 3,"
    7.6
  ","
        78%
        ",3.6 stars,#224
NASCAR Thunder 2004,"
    7.2
  ","
        85%
        ",3 stars,#225
Jade Empire (Limited Edition),"
    7.6
  ","
        70%
        ",3.9 stars,#226
Call of Cthulhu: Dark Corners of the Earth,"
    7.7
  ","
        77%
        ",3.8 stars,#227
F1 2001,"
    7.6
  ","
        79%
        ",3.4 stars,#228
Mortal Kombat: Armageddon,"
    7.4
  ","
        72%
        ",4.1 stars,#229
Deus Ex: Invisible War,"
    7.3
  ","
        79%
        ",3.4 stars,#230
NHL 2005,"
    7.7
  ","
        79%
        ",3.6 stars,#231
Links 2004,"
    7.6
  ","
        77%
        ",3.9 stars,#232
Heroes of the Pacific,"
    7.4
  ","
        74%
        ",3.8 stars,#233
SpongeBob SquarePants: Battle for Bikini Bottom,"
    7.3
  ","
        72%
        ",3.8 stars,#234
Karaoke Revolution: Party,"
    7.7
  ","
        80%
        ",3.8 stars,#235
Kingdom Under Fire: Heroes,"
    7.6
  ","
        77%
        ",2.6 stars,#236
Dance Dance Revolution: Ultramix 2,"
    7.5
  ","
        85%
        ",1.2 stars,#237
High Heat Major League Baseball 2004,"
    7.7
  ","
        79%
        ",4.1 stars,#238
Championship Manager: Season 01/02,"
    7.3
  ","
        79%
        ",3.4 stars,#239
Legacy of Kain: Defiance,"
    7.6
  ","
        76%
        ",3.8 stars,#240
MLB SlugFest 20-04,"
    7.5
  ","
        78%
        ",3.6 stars,#241
Baldur's Gate: Dark Alliance II,"
    7.6
  ","
        78%
        ",3.6 stars,#242
Yager,"
    7.4
  ","
        73%
        ",3.9 stars,#243
NBA Live 06,"
    7.8
  ","
        79%
        ",3.9 stars,#244
NCAA March Madness 2004,"
    7.6
  ","
        80%
        ",,#245
All-Star Baseball 2004,"
    7.5
  ","
        77%
        ",3.6 stars,#246
Sonic Mega Collection Plus,"
    7.4
  ","
        72%
        ",4 stars,#247
FIFA Soccer 06,"
    7.4
  ","
        79%
        ",2.8 stars,#248
MVP Baseball 2003,"
    7.4
  ","
        83%
        ",2.3 stars,#249
MVP 06: NCAA Baseball,"
    7.7
  ","
        78%
        ",4.2 stars,#250
2002 FIFA World Cup,"
    7.1
  ","
        75%
        ",3 stars,#251
True Crime: Streets of LA,"
    6.9
  ","
        72%
        ",3.2 stars,#252
ESPN College Hoops,"
    7.5
  ","
        79%
        ",,#253
Max Payne 2: The Fall of Max Payne,"
    8.1
  ","
        86%
        ",4 stars,#254
V-Rally 3,"
    7.3
  ","
        75%
        ",3.4 stars,#255
All-Star Baseball 2005,"
    7.5
  ","
        76%
        ",4 stars,#256
Otogi 2: Immortal Warriors,"
    7.5
  ","
        76%
        ",4 stars,#257
Dr. Muto,"
    7.2
  ","
        73%
        ",3.5 stars,#258
Armed and Dangerous,"
    7.3
  ","
        77%
        ",3.1 stars,#259
The Thing,"
    7.5
  ","
        77%
        ",3.6 stars,#260
Mortal Kombat: Deadly Alliance,"
    7.5
  ","
        79%
        ",3.6 stars,#261
Thief: Deadly Shadows,"
    8.0
  ","
        83%
        ",3.9 stars,#262
Blitz: The League,"
    7.3
  ","
        75%
        ",3.3 stars,#263
Silent Hill 4: The Room,"
    7.4
  ","
        74%
        ",3.7 stars,#264
Capcom vs. SNK 2: Mark of the Millennium,"
    7.6
  ","
        81%
        ",3.6 stars,#265
RedCard 20-03,"
    7.2
  ","
        76%
        ",2.6 stars,#266
Broken Sword: The Sleeping Dragon,"
    7.8
  ","
        80%
        ",3.8 stars,#267
Freedom Fighters,"
    7.8
  ","
        81%
        ",3.8 stars,#268
Second Sight,"
    7.3
  ","
        77%
        ",3.2 stars,#269
Urban Chaos: Riot Response,"
    7.4
  ","
        72%
        ",4 stars,#270
LMA Manager 2004,"
    7.5
  ","
        78%
        ",,#271
Taito Legends,"
    7.5
  ","
        75%
        ",3.9 stars,#272
The Lord of the Rings: The Two Towers,"
    7.5
  ","
        81%
        ",3.5 stars,#273
Marvel Ultimate Alliance,"
    7.6
  ","
        78%
        ",3.7 stars,#274
The Punisher,"
    7.2
  ","
        70%
        ",3.7 stars,#275
Mega Man: Anniversary Collection,"
    7.8
  ","
        82%
        ",3.7 stars,#276
NCAA March Madness 2005,"
    7.3
  ","
        74%
        ",4.7 stars,#278
TransWorld Snowboarding,"
    7.4
  ","
        75%
        ",4.2 stars,#277
X-Men: Legends,"
    7.5
  ","
        79%
        ",3.6 stars,#279
Gladius,"
    7.4
  ","
        77%
        ",3.5 stars,#280
Mat Hoffman's Pro BMX 2,"
    7.3
  ","
        74%
        ",3.8 stars,#281
NFL Street 2,"
    7.6
  ","
        78%
        ",3.7 stars,#282
Hitman: Contracts,"
    7.6
  ","
        78%
        ",3.7 stars,#283
Sega GT 2002,"
    7.4
  ","
        78%
        ",3.4 stars,#284
ESPN Major League Baseball,"
    7.4
  ","
        75%
        ",4.3 stars,#286
NFL Blitz 20-02,"
    7.4
  ","
        76%
        ",3.8 stars,#285
Steel Battalion: Line of Contact,"
    7.4
  ","
        73%
        ",4.5 stars,#287
Black,"
    7.4
  ","
        78%
        ",3.4 stars,#288
Knockout Kings 2002,"
    7.5
  ","
        77%
        ",3.3 stars,#289
Midway Arcade Treasures 2,"
    7.4
  ","
        70%
        ",4 stars,#290
Scarface: The World Is Yours,"
    7.2
  ","
        72%
        ",3.6 stars,#291
Robotech: Battlecry,"
    7.3
  ","
        75%
        ",3.5 stars,#292
Secret Weapons Over Normandy,"
    7.5
  ","
        76%
        ",3.7 stars,#293
Crash Nitro Kart,"
    7.1
  ","
        67%
        ",3.8 stars,#294
Scooby-Doo!: Night of 100 Frights,"
    7.2
  ","
        70%
        ",4 stars,#295
Dungeons & Dragons: Heroes,"
    7.4
  ","
        75%
        ",3.4 stars,#296
Otogi: Myth of Demons,"
    7.4
  ","
        73%
        ",4.1 stars,#297
Tak 2: The Staff of Dreams,"
    7.3
  ","
        73%
        ",,#298
NHL 2K7,"
    7.8
  ","
        80%
        ",,#299
FIFA World Cup: Germany 2006,"
    7.4
  ","
        74%
        ",3.6 stars,#300
007: Nightfire,"
    7.5
  ","
        79%
        ",3.6 stars,#301
Quantum Redshift,"
    7.4
  ","
        75%
        ",3.6 stars,#302
Voodoo Vince,"
    7.4
  ","
        73%
        ",4.3 stars,#303
Conflict: Desert Storm,"
    7.1
  ","
        74%
        ",3.2 stars,#304
Prince of Persia: Warrior Within,"
    7.7
  ","
        82%
        ",3.6 stars,#305
The Sims 2,"
    7.2
  ","
        74%
        ",3.2 stars,#306
Serious Sam,"
    7.4
  ","
        76%
        ",3.4 stars,#307
Fatal Frame,"
    7.4
  ","
        79%
        ",3.4 stars,#308
Star Wars: Battlefront II,"
    7.5
  ","
        75%
        ",3.8 stars,#309
kill.switch,"
    7.0
  ","
        70%
        ",3.5 stars,#310
Brute Force,"
    7.3
  ","
        75%
        ",3.2 stars,#311
Battle Engine Aquila,"
    7.1
  ","
        71%
        ",3.5 stars,#312
Apex,"
    7.3
  ","
        75%
        ",3.3 stars,#313
World Snooker Championship 2005,"
    7.4
  ","
        74%
        ",4.1 stars,#314
Kung Fu Chaos,"
    7.4
  ","
        74%
        ",3.9 stars,#315
The Sims: Bustin' Out,"
    7.5
  ","
        77%
        ",3.7 stars,#316
Karaoke Revolution,"
    7.9
  ","
        82%
        ",3.9 stars,#317
Sniper Elite,"
    7.3
  ","
        74%
        ",3.5 stars,#318
NFL Blitz 20-03,"
    7.7
  ","
        79%
        ",5 stars,#319
Pro Race Driver,"
    7.9
  ","
        82%
        ",3.5 stars,#320
Red Faction II,"
    7.1
  ","
        73%
        ",3.5 stars,#321
Pirates: The Legend of Black Kat,"
    7.1
  ","
        77%
        ",2.9 stars,#322
Atari: 80 Classic Games in One!,"
    7.3
  ","
        70%
        ",4.1 stars,#323
World Championship Snooker 2004,"
    7.5
  ","
        78%
        ",3.6 stars,#324
Gunvalkyrie,"
    7.4
  ","
        76%
        ",3.6 stars,#325
MTX Mototrax,"
    7.5
  ","
        76%
        ",3.8 stars,#326
Rocky: Legends,"
    7.2
  ","
        71%
        ",3.7 stars,#327
Project: Snowblind,"
    7.2
  ","
        77%
        ",3.1 stars,#328
Stubbs the Zombie in Rebel Without a Pulse,"
    7.1
  ","
        70%
        ",3.7 stars,#329
TransWorld Surf,"
    7.3
  ","
        75%
        ",3 stars,#330
The Simpsons: Hit & Run,"
    7.5
  ","
        75%
        ",3.7 stars,#331
Myst IV: Revelation,"
    8.0
  ","
        82%
        ",3.9 stars,#332
Mortal Kombat: Shaolin Monks,"
    7.5
  ","
        76%
        ",3.8 stars,#333
XIII,"
    7.4
  ","
        78%
        ",3.5 stars,#334
Rugby 06,"
    7.4
  ","
        74%
        ",4 stars,#335
Dance Dance Revolution: Ultramix 3,"
    7.3
  ","
        78%
        ",2 stars,#336
Greg Hastings' Tournament Paintball Max'd,"
    7.3
  ","
        74%
        ",,#337
MLB SlugFest Loaded,"
    7.4
  ","
        74%
        ",4.1 stars,#338
Hunter: The Reckoning,"
    7.2
  ","
        76%
        ",3.2 stars,#339
All-Star Baseball 2003,"
    7.3
  ","
        77%
        ",3 stars,#340
Street Fighter: Anniversary Collection,"
    7.6
  ","
        79%
        ",3.6 stars,#341
Tak: The Great Juju Challenge,"
    7.2
  ","
        72%
        ",4.1 stars,#342
Dynasty Warriors 3,"
    7.4
  ","
        79%
        ",3.4 stars,#343
Tony Hawk's Project 8,"
    7.9
  ","
        80%
        ",3.7 stars,#344
007: Agent Under Fire,"
    7.2
  ","
        73%
        ",3.5 stars,#345
Real World Golf,"
    7.1
  ","
        71%
        ",3.5 stars,#346
Area-51,"
    7.4
  ","
        74%
        ",3.7 stars,#347
Samurai Warriors,"
    7.1
  ","
        71%
        ",3.6 stars,#348
Tom Clancy's Rainbow Six: Lockdown,"
    7.0
  ","
        68%
        ",3.8 stars,#349
Juiced,"
    7.2
  ","
        71%
        ",3.8 stars,#350
NBA Ballers: Phenom,"
    7.1
  ","
        71%
        ",,#351
Pac-Man World 2,"
    7.3
  ","
        71%
        ",3.8 stars,#352
SWAT: Global Strike Team,"
    7.2
  ","
        71%
        ",4.6 stars,#353
The Bard's Tale,"
    7.5
  ","
        74%
        ",3.8 stars,#354
Freestyle MetalX,"
    7.0
  ","
        70%
        ",3.4 stars,#355
XGRA: Extreme G Racing Association,"
    7.1
  ","
        70%
        ",3.9 stars,#356
Need for Speed: Hot Pursuit 2,"
    7.4
  ","
        78%
        ",3.5 stars,#357
Justice League Heroes,"
    7.1
  ","
        70%
        ",3.9 stars,#358
FIFA Soccer 07,"
    7.5
  ","
        79%
        ",3 stars,#359
NFL Fever 2003,"
    7.2
  ","
        73%
        ",,#360
Shrek SuperSlam,"
    7.1
  ","
        70%
        ",3.7 stars,#361
FlatOut 2,"
    8.0
  ","
        81%
        ",4 stars,#362
NHL 07,"
    7.6
  ","
        77%
        ",3.5 stars,#363
Indiana Jones and the Emperor's Tomb,"
    7.2
  ","
        76%
        ",3.3 stars,#364
Phantom Crash,"
    7.2
  ","
        71%
        ",4.1 stars,#365
Pitfall: The Lost Expedition,"
    6.9
  ","
        69%
        ",3.5 stars,#366
Star Wars: Jedi Starfighter,"
    7.4
  ","
        76%
        ",3.6 stars,#367
Syberia II,"
    7.8
  ","
        78%
        ",3.9 stars,#368
NFL Fever 2004,"
    7.2
  ","
        72%
        ",3.8 stars,#369
Arx Fatalis,"
    7.6
  ","
        77%
        ",3.8 stars,#370
Buffy the Vampire Slayer: Chaos Bleeds,"
    7.3
  ","
        73%
        ",3.7 stars,#371
Disney's The Haunted Mansion,"
    7.2
  ","
        72%
        ",3.7 stars,#372
LEGO Star Wars: The Video Game,"
    7.8
  ","
        78%
        ",3.9 stars,#373
Total Overdose: A Gunslinger's Tale in Mexico,"
    7.1
  ","
        72%
        ",3.4 stars,#374
NBA Inside Drive 2004,"
    7.2
  ","
        72%
        ",5 stars,#375
Red Dead Revolver,"
    7.0
  ","
        72%
        ",3.4 stars,#376
Ultimate Fighting Championship: Tapout,"
    7.2
  ","
        75%
        ",2.5 stars,#377
Midway Arcade Treasures,"
    7.3
  ","
        72%
        ",3.7 stars,#378
007: From Russia with Love,"
    7.1
  ","
        71%
        ",3.6 stars,#379
The King of Fighters 2002/2003,"
    7.7
  ","
        79%
        ",,#380
F1 2002,"
    7.9
  ","
        81%
        ",3.8 stars,#381
Burnout,"
    7.5
  ","
        79%
        ",3.4 stars,#382
Sonic Heroes,"
    7.0
  ","
        70%
        ",3.5 stars,#383
Destroy All Humans!,"
    7.2
  ","
        75%
        ",3.3 stars,#384
The Legacy of Kain Series: Blood Omen 2,"
    7.4
  ","
        73%
        ",3.8 stars,#385
Marc Ecko's Getting Up: Contents Under Pressure,"
    6.9
  ","
        68%
        ",3.6 stars,#386
Dead to Rights,"
    7.1
  ","
        73%
        ",3.5 stars,#387
Still Life,"
    7.7
  ","
        76%
        ",3.9 stars,#388
Hunter: The Reckoning - Redeemer,"
    7.1
  ","
        72%
        ",3.6 stars,#389
Outlaw Golf,"
    6.8
  ","
        66%
        ",3.8 stars,#390
Tennis Masters Series 2003,"
    7.4
  ","
        73%
        ",3.9 stars,#391
Medal of Honor: Frontline,"
    7.4
  ","
        83%
        ",3.3 stars,#392
Major League Baseball 2K6,"
    6.6
  ","
        65%
        ",3.4 stars,#393
Crash Bandicoot: The Wrath of Cortex,"
    7.1
  ","
        70%
        ",3.6 stars,#394
NFL Blitz Pro,"
    7.3
  ","
        74%
        ",,#395
ATV: Quad Power Racing 2,"
    7.4
  ","
        75%
        ",3.6 stars,#396
Lemony Snicket's A Series of Unfortunate Events,"
    7.2
  ","
        72%
        ",3.8 stars,#397
Crimson Sea,"
    7.1
  ","
        72%
        ",,#398
Medal of Honor: European Assault,"
    7.1
  ","
        73%
        ",3.4 stars,#399
Raze's Hell,"
    7.2
  ","
        71%
        ",4 stars,#400
Commandos 2: Men of Courage,"
    8.1
  ","
        83%
        ",3.9 stars,#401
Jurassic Park: Operation Genesis,"
    7.4
  ","
        73%
        ",4 stars,#402
Blazing Angels: Squadrons of WWII,"
    6.9
  ","
        68%
        ",3.6 stars,#403
Dreamfall: The Longest Journey,"
    7.7
  ","
        78%
        ",3.8 stars,#404
LMA Manager 2005,"
    7.2
  ","
        72%
        ",,#405
Wreckless: The Yakuza Missions,"
    7.1
  ","
        73%
        ",3.4 stars,#406
Madagascar,"
    7.0
  ","
        70%
        ",3.5 stars,#407
World Championship Poker 2 featuring Howard Lederer,"
    7.0
  ","
        70%
        ",3.5 stars,#408
Need for Speed: Carbon,"
    7.2
  ","
        74%
        ",3.5 stars,#409
Dai Senryaku VII: Modern Military Tactics,"
    7.1
  ","
        71%
        ",,#410
I-Ninja,"
    7.2
  ","
        73%
        ",3.5 stars,#411
Conflict: Desert Storm II - Back to Baghdad,"
    7.0
  ","
        71%
        ",3.3 stars,#412
Outlaw Volleyball,"
    7.1
  ","
        69%
        ",4.3 stars,#413
NBA Live 2002,"
    7.1
  ","
        74%
        ",3.2 stars,#414
Full Spectrum Warrior: Ten Hammers,"
    7.1
  ","
        71%
        ",3.5 stars,#415
Test Drive,"
    6.9
  ","
        69%
        ",3.5 stars,#416
Mad Dash Racing,"
    7.1
  ","
        69%
        ",4.1 stars,#417
Halo 2 (Limited Collector's Edition),"
    7.1
  ","
        
  
    
  
  ",3.5 stars,#418
Dave Mirra Freestyle BMX 2,"
    7.5
  ","
        77%
        ",3.5 stars,#419
Painkiller: Hell Wars,"
    7.1
  ","
        67%
        ",4 stars,#420
Tron 2.0,"
    8.1
  ","
        81%
        ",4.2 stars,#421
ObsCure,"
    7.3
  ","
        72%
        ",3.7 stars,#422
UEFA Euro 2004 Portugal,"
    7.3
  ","
        75%
        ",2.8 stars,#423
Driver: Parallel Lines,"
    6.9
  ","
        71%
        ",3.3 stars,#424
Digimon Rumble Arena 2,"
    6.7
  ","
        67%
        ",3.3 stars,#425
The House of the Dead III,"
    6.5
  ","
        61%
        ",3.5 stars,#426
The Urbz: Sims in the City,"
    7.0
  ","
        70%
        ",3.7 stars,#427
Crash Tag Team Racing,"
    6.9
  ","
        66%
        ",3.8 stars,#428
The Lord of the Rings: The Third Age,"
    7.1
  ","
        71%
        ",3.6 stars,#429
Enclave,"
    7.2
  ","
        73%
        ",3.5 stars,#430
Rugby 2005,"
    7.3
  ","
        73%
        ",3.8 stars,#431
NBA Jam,"
    6.9
  ","
        68%
        ",3.6 stars,#432
Spy Hunter,"
    7.1
  ","
        73%
        ",3.3 stars,#433
ProStroke Golf: World Tour 2007,"
    6.4
  ","
        63%
        ",3.2 stars,#434
Outlaw Golf 2,"
    7.0
  ","
        70%
        ",3.4 stars,#435
Star Wars: Starfighter,"
    7.3
  ","
        76%
        ",3.3 stars,#436
Deathrow,"
    7.0
  ","
        71%
        ",3.4 stars,#437
Pariah,"
    6.7
  ","
        68%
        ",3.2 stars,#438
Mashed: Drive to Survive,"
    6.9
  ","
        69%
        ",3.5 stars,#439
DreamWorks Shark Tale,"
    6.9
  ","
        70%
        ",3.2 stars,#440
College Hoops NCAA 2K7,"
    8.0
  ","
        81%
        ",,#441
F1 Career Challenge,"
    7.3
  ","
        73%
        ",3.7 stars,#442
Silent Scope Complete,"
    7.0
  ","
        70%
        ",,#443
Breakdown,"
    7.0
  ","
        70%
        ",3.5 stars,#444
NASCAR 07,"
    6.6
  ","
        69%
        ",1.8 stars,#445
Greg Hastings' Tournament Paintball,"
    7.0
  ","
        70%
        ",3.7 stars,#446
Batman: Vengeance,"
    6.7
  ","
        66%
        ",3.5 stars,#447
Harry Potter and the Chamber of Secrets,"
    6.9
  ","
        75%
        ",3 stars,#448
Syberia,"
    7.7
  ","
        76%
        ",3.9 stars,#449
WWE Raw 2,"
    7.0
  ","
        66%
        ",3.9 stars,#450
Godzilla: Destroy All Monsters Melee,"
    7.1
  ","
        72%
        ",3.4 stars,#451
Men of Valor,"
    7.0
  ","
        70%
        ",3.5 stars,#452
NBA Live 07,"
    7.1
  ","
        71%
        ",3.8 stars,#453
Dance Dance Revolution: Ultramix 4,"
    7.0
  ","
        74%
        ",,#454
Call of Duty: Finest Hour,"
    6.9
  ","
        71%
        ",3.2 stars,#455
Destroy All Humans! 2,"
    7.2
  ","
        76%
        ",3.3 stars,#456
Pinball Hall of Fame: The Gottlieb Collection,"
    7.1
  ","
        71%
        ",3.9 stars,#457
IndyCar Series,"
    7.0
  ","
        69%
        ",3.8 stars,#458
Scaler,"
    6.9
  ","
        70%
        ",3.3 stars,#459
KOF: Maximum Impact,"
    7.0
  ","
        69%
        ",3.9 stars,#460
NCAA College Football 2K3,"
    7.1
  ","
        72%
        ",,#462
Puyo Pop Fever,"
    7.6
  ","
        75%
        ",4 stars,#461
Close Combat: First to Fight,"
    6.8
  ","
        69%
        ",3.2 stars,#463
Whiplash,"
    6.8
  ","
        65%
        ",3.8 stars,#464
BloodRayne,"
    6.8
  ","
        68%
        ",3.4 stars,#465
Vexx,"
    7.0
  ","
        69%
        ",3.8 stars,#466
Gauntlet: Dark Legacy,"
    6.9
  ","
        67%
        ",3.6 stars,#467
Castlevania: Curse of Darkness,"
    7.0
  ","
        68%
        ",3.7 stars,#468
Dead or Alive: Xtreme Beach Volleyball,"
    6.9
  ","
        67%
        ",3.6 stars,#469
RoadKill,"
    7.1
  ","
        71%
        ",3.5 stars,#471
World Racing,"
    7.0
  ","
        66%
        ",4.2 stars,#470
The SpongeBob SquarePants Movie,"
    6.9
  ","
        67%
        ",3.6 stars,#472
IndyCar Series 2005,"
    6.8
  ","
        65%
        ",4.1 stars,#473
Outlaw Tennis,"
    6.6
  ","
        64%
        ",3.3 stars,#474
Drive to Survive,"
    6.9
  ","
        67%
        ",4.3 stars,#475
Metal Slug 4 & 5,"
    7.1
  ","
        70%
        ",3.9 stars,#476
Sudeki,"
    7.0
  ","
        70%
        ",3.5 stars,#477
FlatOut,"
    7.5
  ","
        77%
        ",3.7 stars,#478
Shrek 2,"
    7.0
  ","
        69%
        ",3.7 stars,#479
Curse: The Eye of Isis,"
    6.6
  ","
        62%
        ",3.4 stars,#480
Star Wars: The Clone Wars,"
    7.2
  ","
        73%
        ",3.4 stars,#481
Total Immersion Racing,"
    7.3
  ","
        73%
        ",4 stars,#482
Pac-Man World 3,"
    6.8
  ","
        63%
        ",4 stars,#483
Sega GT Online,"
    6.9
  ","
        68%
        ",3.7 stars,#484
Blood Wake,"
    7.0
  ","
        71%
        ",3.4 stars,#485
Xyanide,"
    6.9
  ","
        69%
        ",3.1 stars,#486
Power Drome,"
    6.9
  ","
        63%
        ",4.2 stars,#487
Cold Fear,"
    6.9
  ","
        70%
        ",3.3 stars,#488
Ty the Tasmanian Tiger 2: Bush Rescue,"
    7.0
  ","
        68%
        ",3.9 stars,#489
Magic: The Gathering - Battlegrounds,"
    6.7
  ","
        66%
        ",3.5 stars,#490
ESPN Winter X Games Snowboarding 2002,"
    7.0
  ","
        70%
        ",,#491
Richard Burns Rally,"
    7.5
  ","
        78%
        ",3.7 stars,#492
Fire Blade,"
    6.8
  ","
        68%
        ",3.5 stars,#493
Wings of War,"
    6.8
  ","
        68%
        ",3.4 stars,#494
Spartan: Total Warrior,"
    7.3
  ","
        77%
        ",3 stars,#495
Thrillville,"
    6.5
  ","
        70%
        ",2.1 stars,#496
Sensible Soccer 2006,"
    6.5
  ","
        66%
        ",2.8 stars,#497
Tenchu: Return from Darkness,"
    6.9
  ","
        68%
        ",3.5 stars,#498
Mafia,"
    8.3
  ","
        85%
        ",4.1 stars,#499
Test Drive: Eve of Destruction,"
    7.2
  ","
        71%
        ",3.8 stars,#500
NHL Rivals 2004,"
    6.9
  ","
        68%
        ",3.2 stars,#501
Spyro: A Hero's Tail,"
    7.0
  ","
        67%
        ",3.9 stars,#502
Ty the Tasmanian Tiger,"
    6.6
  ","
        68%
        ",2.4 stars,#503
Crazy Taxi 3: High Roller,"
    6.5
  ","
        62%
        ",3.7 stars,#504
BloodRayne 2,"
    6.9
  ","
        71%
        ",3.2 stars,#505
Battlestar Galactica,"
    6.9
  ","
        69%
        ",3.4 stars,#506
Ford Racing 2,"
    6.8
  ","
        65%
        ",3.8 stars,#507
"The Chronicles of Narnia: The Lion, the Witch and the Wardrobe","
    6.9
  ","
        70%
        ",3.3 stars,#508
Advent Rising,"
    7.1
  ","
        69%
        ",3.8 stars,#509
Just Cause,"
    6.6
  ","
        73%
        ",2.6 stars,#510
American McGee presents Scrapland,"
    7.0
  ","
        74%
        ",3.2 stars,#511
Forgotten Realms: Demon Stone,"
    6.9
  ","
        71%
        ",3.1 stars,#512
Evil Dead: Regeneration,"
    6.7
  ","
        65%
        ",3.5 stars,#513
Terminator 3: The Redemption,"
    7.0
  ","
        72%
        ",3.3 stars,#514
World Championship Pool 2004,"
    7.0
  ","
        69%
        ",3.7 stars,#515
Midway Arcade Treasures 3,"
    6.8
  ","
        66%
        ",3.7 stars,#516
Batman Begins,"
    6.9
  ","
        69%
        ",3.4 stars,#517
Chase: Hollywood Stunt Driver,"
    6.8
  ","
        67%
        ",3.4 stars,#518
Disney•Pixar Cars,"
    6.8
  ","
        67%
        ",3.5 stars,#519
X2: Wolverine's Revenge,"
    6.7
  ","
        63%
        ",3.8 stars,#520
Tom Clancy's Rainbow Six: Critical Hour,"
    6.8
  ","
        58%
        ",4.2 stars,#521
Bloody Roar Extreme,"
    6.8
  ","
        67%
        ",3.6 stars,#522
Ice Age 2: The Meltdown,"
    6.7
  ","
        68%
        ",2.8 stars,#523
Headhunter: Redemption,"
    6.7
  ","
        64%
        ",3.6 stars,#524
Grabbed by the Ghoulies,"
    6.7
  ","
        67%
        ",3.4 stars,#525
Wallace & Gromit: The Curse of the Were-Rabbit,"
    6.8
  ","
        66%
        ",4 stars,#526
Special Forces: Nemesis Strike,"
    6.5
  ","
        61%
        ",3.8 stars,#527
Harry Potter and the Prisoner of Azkaban,"
    6.6
  ","
        68%
        ",3 stars,#528
Blinx: The Time Sweeper,"
    6.8
  ","
        69%
        ",2.8 stars,#529
Crash Twinsanity,"
    6.9
  ","
        64%
        ",3.8 stars,#530
Conflict: Global Terror,"
    6.9
  ","
        66%
        ",3.9 stars,#531
America's Army: Rise of a Soldier,"
    6.8
  ","
        66%
        ",3.6 stars,#532
Namco Museum,"
    6.8
  ","
        71%
        ",3.2 stars,#533
Goblin Commander: Unleash the Horde,"
    6.9
  ","
        69%
        ",3.5 stars,#534
Slam Tennis,"
    6.5
  ","
        69%
        ",1.3 stars,#535
Starsky & Hutch,"
    6.8
  ","
        66%
        ",3.6 stars,#536
Crash 'N' Burn,"
    6.8
  ","
        67%
        ",3.5 stars,#537
Gladiator: Sword of Vengeance,"
    6.8
  ","
        65%
        ",3.8 stars,#538
Harry Potter and the Goblet of Fire,"
    6.5
  ","
        68%
        ",2.7 stars,#539
Legends of Wrestling II,"
    6.5
  ","
        61%
        ",3.6 stars,#540
Rogue Trooper,"
    6.9
  ","
        69%
        ",3.5 stars,#541
Serious Sam II,"
    7.1
  ","
        74%
        ",3.5 stars,#542
ToeJam & Earl III: Mission to Earth,"
    6.7
  ","
        66%
        ",3.6 stars,#543
Æon Flux,"
    6.7
  ","
        67%
        ",3.4 stars,#544
Harry Potter: Quidditch World Cup,"
    6.6
  ","
        69%
        ",2.5 stars,#545
Cold War,"
    7.0
  ","
        67%
        ",3.9 stars,#546
The Incredibles: Rise of the Underminer,"
    6.6
  ","
        63%
        ",4.2 stars,#547
Worms 4: Mayhem,"
    7.4
  ","
        72%
        ",3.9 stars,#548
Godzilla: Save the Earth,"
    6.9
  ","
        63%
        ",4 stars,#549
Rogue Ops,"
    6.6
  ","
        64%
        ",3.4 stars,#550
The Godfather: The Game,"
    7.2
  ","
        77%
        ",3.2 stars,#551
Alias,"
    6.5
  ","
        64%
        ",3.5 stars,#552
Ski Racing 2005: Featuring Hermann Maier,"
    6.7
  ","
        66%
        ",3.1 stars,#553
Blowout,"
    6.3
  ","
        57%
        ",3.8 stars,#554
Wrath Unleashed,"
    6.5
  ","
        68%
        ",1.8 stars,#555
UEFA Champions League 2004-2005,"
    7.1
  ","
        73%
        ",3.3 stars,#556
Die Hard: Vendetta,"
    6.2
  ","
        59%
        ",3.5 stars,#557
The King of Fighters: Neowave,"
    6.6
  ","
        66%
        ",3 stars,#558
Myst III: Exile,"
    7.7
  ","
        77%
        ",3.8 stars,#559
Marvel Vs. Capcom 2: New Age Of Heroes,"
    8.0
  ","
        83%
        ",3.9 stars,#560
Disney's Chicken Little,"
    6.5
  ","
        65%
        ",2.9 stars,#561
Shadow of Destiny,"
    7.2
  ","
        72%
        ",3.5 stars,#562
Trivial Pursuit: Unhinged,"
    6.0
  ","
        53%
        ",3.2 stars,#563
King Arthur,"
    6.3
  ","
        60%
        ",3.4 stars,#564
Ford Mustang: The Legend Lives,"
    6.6
  ","
        62%
        ",3.8 stars,#565
Blinx 2: Masters of Time & Space,"
    6.7
  ","
        67%
        ",3 stars,#566
True Crime: New York City,"
    6.5
  ","
        62%
        ",3.5 stars,#567
Disney•Pixar Finding Nemo,"
    6.5
  ","
        62%
        ",3.6 stars,#568
Intellivision Lives!,"
    6.5
  ","
        62%
        ",3.3 stars,#569
MLB SlugFest 2006,"
    6.7
  ","
        59%
        ",3.9 stars,#570
Spawn: Armageddon,"
    6.5
  ","
        54%
        ",4 stars,#571
The Hobbit,"
    6.4
  ","
        63%
        ",3.3 stars,#572
Reign of Fire,"
    6.5
  ","
        62%
        ",3.5 stars,#573
4x4 Evo 2,"
    6.8
  ","
        67%
        ",3.5 stars,#574
International Superstar Soccer 2,"
    6.8
  ","
        71%
        ",2.7 stars,#575
Knights of the Temple: Infernal Crusade,"
    6.7
  ","
        66%
        ",3.4 stars,#576
Mission: Impossible - Operation Surma,"
    6.6
  ","
        65%
        ",3.3 stars,#577
NFL Head Coach,"
    6.4
  ","
        64%
        ",2.5 stars,#578
Gun Metal,"
    6.5
  ","
        66%
        ",3 stars,#579
Shattered Union,"
    6.9
  ","
        68%
        ",3.6 stars,#580
Ski Racing 2006: Featuring Hermann Maier,"
    7.0
  ","
        71%
        ",3 stars,#581
Worms 3D,"
    7.2
  ","
        73%
        ",3.6 stars,#582
Galleon,"
    6.6
  ","
        63%
        ",3.7 stars,#583
Conflict: Vietnam,"
    6.4
  ","
        62%
        ",3.5 stars,#584
Alter Echo,"
    6.6
  ","
        67%
        ",2.8 stars,#585
Avatar: The Last Airbender,"
    6.3
  ","
        63%
        ",2.9 stars,#586
SRS: Street Racing Syndicate,"
    6.7
  ","
        65%
        ",3.6 stars,#587
Dark Summit,"
    6.8
  ","
        69%
        ",3.2 stars,#588
Test Drive: Off-Road - Wide Open,"
    6.7
  ","
        67%
        ",3.3 stars,#589
Egg Mania: Eggstreme Madness,"
    7.3
  ","
        71%
        ",4.4 stars,#590
Tim Burton's The Nightmare Before Christmas: Oogie's Revenge,"
    6.6
  ","
        63%
        ",3.7 stars,#591
Conan,"
    6.2
  ","
        62%
        ",2.9 stars,#592
Inside Pitch 2003,"
    6.6
  ","
        63%
        ",3.3 stars,#593
Teenage Mutant Ninja Turtles 3: Mutant Nightmare,"
    6.5
  ","
        56%
        ",3.6 stars,#594
Club Football: 2003/04 Season,"
    6.3
  ","
        59%
        ",3.3 stars,#595
Scooby-Doo!: Unmasked,"
    6.7
  ","
        62%
        ",3.9 stars,#596
Ultimate Fighting Championship: Tapout 2,"
    6.6
  ","
        67%
        ",1.5 stars,#597
Dynasty Warriors 5,"
    6.9
  ","
        68%
        ",3.6 stars,#598
Alien Hominid,"
    7.3
  ","
        80%
        ",3 stars,#599
Van Helsing,"
    6.6
  ","
        66%
        ",3.2 stars,#600
Taz: Wanted,"
    6.6
  ","
        63%
        ",3.7 stars,#601
Circus Maximus: Chariot Wars,"
    6.5
  ","
        64%
        ",3.4 stars,#602
Dragon's Lair 3D: Return to the Lair,"
    6.7
  ","
        66%
        ",3.6 stars,#603
Big Bumpin',"
    6.5
  ","
        66%
        ",2.5 stars,#604
Ty the Tasmanian Tiger 3: Night of the Quinkan,"
    6.8
  ","
        64%
        ",3.9 stars,#605
Run Like Hell,"
    6.8
  ","
        67%
        ",3.4 stars,#606
Micro Machines,"
    6.2
  ","
        61%
        ",2.8 stars,#607
The Incredibles,"
    6.3
  ","
        62%
        ",3.2 stars,#608
Pirates of the Caribbean,"
    6.7
  ","
        67%
        ",3.2 stars,#609
X-Men: Next Dimension,"
    6.7
  ","
        61%
        ",3.6 stars,#610
Pure Pinball: American Pinball Reborn,"
    6.5
  ","
        65%
        ",1.9 stars,#611
Turok: Evolution,"
    6.1
  ","
        66%
        ",2.6 stars,#612
Mace Griffin: Bounty Hunter,"
    6.3
  ","
        62%
        ",3.4 stars,#613
Manhunt,"
    7.0
  ","
        70%
        ",3.5 stars,#614
Rally Fusion: Race of Champions,"
    6.6
  ","
        66%
        ",3 stars,#615
Rapala Pro Fishing,"
    6.4
  ","
        60%
        ",3.1 stars,#616
Big Mutha Truckers,"
    6.6
  ","
        66%
        ",3.2 stars,#617
RollerCoaster Tycoon: Gold Edition,"
    6.7
  ","
        60%
        ",3.5 stars,#618
Ford Racing 3,"
    6.4
  ","
        58%
        ",3.7 stars,#619
State of Emergency,"
    6.0
  ","
        65%
        ",2.6 stars,#620
Open Season,"
    6.3
  ","
        61%
        ",3.7 stars,#621
Batman: Rise of Sin Tzu,"
    6.3
  ","
        62%
        ",3.3 stars,#622
Kao the Kangaroo: Round 2,"
    6.9
  ","
        66%
        ",3.6 stars,#623
Club Football 2005,"
    6.0
  ","
        57%
        ",3.3 stars,#624
The Matrix: Path of Neo,"
    6.6
  ","
        66%
        ",3.3 stars,#625
Dead Man's Hand,"
    6.4
  ","
        64%
        ",3 stars,#626
Harry Potter and the Sorcerer's Stone,"
    6.5
  ","
        66%
        ",3.2 stars,#627
Whacked!,"
    6.4
  ","
        59%
        ",4.2 stars,#628
WWF Raw,"
    6.4
  ","
        65%
        ",2.9 stars,#629
Constantine,"
    6.5
  ","
        63%
        ",3.6 stars,#630
Commandos: Strike Force,"
    6.8
  ","
        66%
        ",3.8 stars,#631
Hulk,"
    6.4
  ","
        67%
        ",2.9 stars,#632
R:Racing Evolution,"
    6.5
  ","
        64%
        ",3.2 stars,#633
Fantastic 4,"
    6.7
  ","
        64%
        ",3.9 stars,#634
Hot Wheels: Stunt Track Challenge,"
    6.4
  ","
        60%
        ",4.7 stars,#635
Totaled!,"
    6.2
  ","
        61%
        ",2.9 stars,#636
"SpongeBob SquarePants: Lights, Camera, Pants!","
    6.3
  ","
        54%
        ",3.6 stars,#637
Star Wars: Episode III - Revenge of the Sith,"
    6.4
  ","
        58%
        ",3.7 stars,#638
Shellshock: Nam '67,"
    5.9
  ","
        54%
        ",3.4 stars,#639
FIFA Street,"
    6.5
  ","
        66%
        ",3.1 stars,#640
AirForce Delta Storm,"
    6.4
  ","
        62%
        ",3.3 stars,#643
FIFA Street 2,"
    6.6
  ","
        63%
        ",3.9 stars,#642
Ghost Master: The Gravenville Chronicles,"
    6.3
  ","
        59%
        ",3 stars,#641
The Simpsons: Road Rage,"
    6.7
  ","
        64%
        ",3.5 stars,#644
Robotech: Invasion,"
    6.2
  ","
        61%
        ",2.8 stars,#645
Defender,"
    6.8
  ","
        71%
        ",2.8 stars,#646
Group S Challenge,"
    6.4
  ","
        61%
        ",3.6 stars,#647
Soldier of Fortune II: Double Helix,"
    7.6
  ","
        80%
        ",3.6 stars,#648
Future Tactics: The Uprising,"
    6.1
  ","
        60%
        ",3 stars,#649
Shadow Ops: Red Mercury,"
    6.4
  ","
        61%
        ",3.4 stars,#650
Robots,"
    6.2
  ","
        50%
        ",4 stars,#651
Stacked with Daniel Negreanu,"
    6.7
  ","
        65%
        ",3.7 stars,#652
Medal of Honor: Rising Sun,"
    6.6
  ","
        64%
        ",3.4 stars,#653
Cel Damage,"
    6.6
  ","
        63%
        ",3.7 stars,#654
Barbie Horse Adventures: Wild Horse Rescue,"
    6.4
  ","
        55%
        ",3.9 stars,#655
Enter the Matrix,"
    6.1
  ","
        63%
        ",2.8 stars,#656
Big Mutha Truckers 2,"
    6.1
  ","
        60%
        ",3.2 stars,#657
Operation Flashpoint: Elite,"
    6.5
  ","
        63%
        ",3.3 stars,#658
Auto Modellista,"
    6.6
  ","
        65%
        ",3.4 stars,#659
Prisoner of War: World War II,"
    6.7
  ","
        67%
        ",3.4 stars,#660
Scooby-Doo!: Mystery Mayhem,"
    6.6
  ","
        62%
        ",4 stars,#661
Futurama,"
    6.5
  ","
        61%
        ",3.8 stars,#662
Freaky Flyers,"
    6.2
  ","
        70%
        ",1.8 stars,#663
Namco Museum: 50th Anniversary,"
    6.3
  ","
        60%
        ",3.4 stars,#664
Vietcong: Purple Haze,"
    6.2
  ","
        61%
        ",2.8 stars,#665
Samurai Shodown V,"
    6.2
  ","
        58%
        ",3.6 stars,#666
Sonic Riders,"
    6.2
  ","
        57%
        ",3.7 stars,#667
Leisure Suit Larry: Magna Cum Laude,"
    6.2
  ","
        61%
        ",3 stars,#668
Tork: Prehistoric Punk,"
    6.3
  ","
        60%
        ",3.5 stars,#669
Evil Dead: A Fistful of Boomstick,"
    6.2
  ","
        58%
        ",3.3 stars,#670
The Italian Job,"
    6.3
  ","
        60%
        ",3.2 stars,#671
Robin Hood: Defender of the Crown,"
    6.4
  ","
        59%
        ",3.6 stars,#672
Capcom Fighting Evolution,"
    5.9
  ","
        54%
        ",3.6 stars,#673
Counter-Strike,"
    6.6
  ","
        75%
        ",2.8 stars,#674
Street Hoops,"
    6.4
  ","
        60%
        ",3.6 stars,#675
Arena Football,"
    6.4
  ","
        67%
        ",2.3 stars,#676
Wallace & Gromit in Project Zoo,"
    6.1
  ","
        63%
        ",2.7 stars,#677
Dinotopia: The Sunstone Odyssey,"
    6.1
  ","
        52%
        ",3.4 stars,#678
PocketBike Racer,"
    5.9
  ","
        50%
        ",3.2 stars,#679
Fila World Tour Tennis,"
    6.1
  ","
        59%
        ",2.5 stars,#680
Carve,"
    6.2
  ","
        60%
        ",3.3 stars,#681
LMA Manager 2006,"
    6.3
  ","
        58%
        ",3.1 stars,#682
David Beckham Soccer,"
    6.3
  ","
        64%
        ",2.2 stars,#683
L. A. Rush,"
    6.1
  ","
        59%
        ",3.4 stars,#684
World Championship Poker,"
    6.0
  ","
        56%
        ",2.7 stars,#685
Aliens Versus Predator: Extinction,"
    6.3
  ","
        61%
        ",3.4 stars,#686
Playboy: The Mansion,"
    5.8
  ","
        58%
        ",2.8 stars,#687
Gauntlet: Seven Sorrows,"
    6.2
  ","
        58%
        ",3.5 stars,#688
Carmen Sandiego: The Secret of the Stolen Drums,"
    6.3
  ","
        58%
        ",3.2 stars,#690
Strike Force Bowling,"
    6.2
  ","
        56%
        ",3.4 stars,#689
"Ed, Edd n Eddy: The Mis-Edventures","
    5.8
  ","
        52%
        ",2.8 stars,#691
Monster 4x4: World Circuit,"
    5.6
  ","
        49%
        ",3.4 stars,#692
Spy Hunter 2,"
    6.0
  ","
        53%
        ",3.8 stars,#693
Delta Force: Black Hawk Down,"
    7.1
  ","
        72%
        ",3.3 stars,#694
Fallout: Brotherhood of Steel,"
    5.8
  ","
        66%
        ",2.1 stars,#695
Maximum Chase,"
    6.2
  ","
        55%
        ",2.6 stars,#696
Tao Feng: Fist of the Lotus,"
    6.2
  ","
        59%
        ",3.1 stars,#697
The Lord of the Rings: The Fellowship of the Ring,"
    6.2
  ","
        60%
        ",3.1 stars,#698
MX World Tour,"
    6.2
  ","
        50%
        ",3.5 stars,#699
Fuzion Frenzy,"
    6.2
  ","
        59%
        ",3.2 stars,#700
Tom Clancy's Ghost Recon: Advanced Warfighter,"
    5.8
  ","
        57%
        ",2.6 stars,#701
Loons: The Fight for Fame,"
    6.1
  ","
        55%
        ",3 stars,#702
Over the Hedge,"
    6.2
  ","
        59%
        ",3.6 stars,#703
Star Wars: Obi-Wan,"
    6.1
  ","
        55%
        ",3.8 stars,#704
Marvel Nemesis: Rise of the Imperfects,"
    6.2
  ","
        57%
        ",3.8 stars,#705
ESPN International Winter Sports 2002,"
    6.0
  ","
        59%
        ",3.1 stars,#706
Dragon Ball Z: Sagas,"
    6.0
  ","
        50%
        ",3.5 stars,#707
World Series of Poker,"
    5.9
  ","
        54%
        ",3.3 stars,#708
Ultimate Beach Soccer,"
    6.0
  ","
        56%
        ",3 stars,#709
Judge Dredd: Dredd vs Death,"
    6.3
  ","
        61%
        ",3.2 stars,#710
SeaBlade,"
    6.1
  ","
        56%
        ",2.9 stars,#711
SVC Chaos: SNK vs. Capcom,"
    6.2
  ","
        60%
        ",3.4 stars,#712
Zapper: One Wicked Cricket!,"
    6.2
  ","
        60%
        ",3.2 stars,#713
WarPath,"
    5.7
  ","
        54%
        ",3 stars,#714
Unreal II: The Awakening,"
    7.2
  ","
        79%
        ",3.3 stars,#715
GoldenEye: Rogue Agent,"
    6.3
  ","
        63%
        ",3.2 stars,#716
New Legends,"
    6.0
  ","
        56%
        ",2.9 stars,#717
Triple Play 2002,"
    6.3
  ","
        63%
        ",2.7 stars,#718
Rayman Arena,"
    6.5
  ","
        63%
        ",3.4 stars,#719
World Racing 2,"
    6.6
  ","
        66%
        ",3.2 stars,#720
Legends of Wrestling,"
    5.6
  ","
        56%
        ",2.3 stars,#721
Ford Bold Moves Street Racing,"
    5.9
  ","
        55%
        ",3.5 stars,#722
CSI: Crime Scene Investigation,"
    6.0
  ","
        53%
        ",3.5 stars,#723
Nightcaster: Defeat the Darkness,"
    6.0
  ","
        60%
        ",2.4 stars,#724
Arctic Thunder,"
    6.1
  ","
        59%
        ",3.2 stars,#725
Frogger: Ancient Shadow,"
    6.1
  ","
        54%
        ",3.3 stars,#726
Antz Extreme Racing,"
    5.4
  ","
        48%
        ",2.9 stars,#727
Spikeout: Battle Street,"
    6.0
  ","
        56%
        ",3.6 stars,#728
Monopoly Party,"
    6.2
  ","
        57%
        ",4 stars,#729
Speed Kings,"
    6.4
  ","
        61%
        ",3.7 stars,#730
Teenage Mutant Ninja Turtles 2: Battle Nexus,"
    5.8
  ","
        47%
        ",3.9 stars,#731
Superman Returns,"
    5.6
  ","
        49%
        ",3.7 stars,#732
Blade II,"
    5.6
  ","
        49%
        ",4 stars,#733
Knight's Apprentice: Memorick's Adventures,"
    5.9
  ","
        53%
        ",3 stars,#734
Toxic Grind,"
    5.9
  ","
        53%
        ",2.6 stars,#735
The Dukes of Hazzard: Return of the General Lee,"
    6.2
  ","
        54%
        ",4 stars,#736
Crouching Tiger Hidden Dragon,"
    5.6
  ","
        48%
        ",3.7 stars,#737
Combat: Task Force 121,"
    5.3
  ","
        44%
        ",3.2 stars,#738
Tetris Worlds,"
    6.2
  ","
        60%
        ",3.2 stars,#739
Showdown: Legends of Wrestling,"
    6.0
  ","
        56%
        ",3 stars,#740
Reservoir Dogs,"
    6.1
  ","
        57%
        ",3.5 stars,#741
Bicycle Casino,"
    5.9
  ","
        54%
        ",2.7 stars,#742
Worms Forts: Under Siege,"
    6.4
  ","
        63%
        ",3.1 stars,#743
Crusty Demons,"
    5.4
  ","
        48%
        ",2.8 stars,#744
Top Gear: RPM Tuning,"
    6.0
  ","
        54%
        ",3.6 stars,#745
BMX XXX,"
    5.6
  ","
        56%
        ",2.6 stars,#746
ESPN NFL Primetime 2002,"
    5.9
  ","
        56%
        ",2.5 stars,#747
Lotus Challenge,"
    6.2
  ","
        59%
        ",3.4 stars,#748
Shrek: Super Party,"
    5.8
  ","
        36%
        ",3.6 stars,#749
WWE WrestleMania 21,"
    5.9
  ","
        53%
        ",3.8 stars,#750
Gungriffon: Allied Strike,"
    5.9
  ","
        50%
        ",2.6 stars,#751
Black Stone: Magic & Steel,"
    5.9
  ","
        52%
        ",3.5 stars,#752
Beat Down: Fists of Vengeance,"
    5.5
  ","
        47%
        ",3.2 stars,#753
SPLAT Magazine: Renegade Paintball,"
    5.7
  ","
        48%
        ",3.3 stars,#754
Driv3r,"
    5.5
  ","
        56%
        ",2.5 stars,#755
The Terminator: Dawn of Fate,"
    5.9
  ","
        52%
        ",3.5 stars,#756
X-Men: The Official Game,"
    6.2
  ","
        57%
        ",3.7 stars,#757
Teenage Mutant Ninja Turtles,"
    6.2
  ","
        53%
        ",3.9 stars,#758
50 Cent: Bulletproof,"
    5.4
  ","
        51%
        ",2.7 stars,#759
187: Ride or Die,"
    6.0
  ","
        57%
        ",3.6 stars,#760
GrooveRider: Slot Car Thunder,"
    5.9
  ","
        52%
        ",3.2 stars,#761
WinBack 2: Project Poseidon,"
    5.8
  ","
        52%
        ",3.1 stars,#762
Dead to Rights II,"
    5.8
  ","
        54%
        ",3.3 stars,#763
TMNT: Mutant Melee,"
    6.0
  ","
        50%
        ",3.6 stars,#764
Kakuto Chojin: Back Alley Brutal,"
    5.7
  ","
        45%
        ",3.8 stars,#765
Motocross Mania 3,"
    5.6
  ","
        38%
        ",3.4 stars,#766
Alfa Romeo Racing Italiano,"
    6.1
  ","
        60%
        ",2.9 stars,#767
Sneak King,"
    5.8
  ","
        47%
        ",3.6 stars,#768
Stolen,"
    5.5
  ","
        53%
        ",2.6 stars,#769
Family Guy Video Game!,"
    5.5
  ","
        52%
        ",2.8 stars,#770
Spy Hunter: Nowhere to Run,"
    5.4
  ","
        49%
        ",2.8 stars,#771
Nightcaster II: Equinox,"
    5.7
  ","
        42%
        ",3 stars,#772
Backyard Wrestling: Don't Try This at Home,"
    5.9
  ","
        54%
        ",3.4 stars,#773
SX Superstar,"
    5.7
  ","
        53%
        ",3.3 stars,#774
Mike Tyson Heavyweight Boxing,"
    5.4
  ","
        51%
        ",2.5 stars,#775
James Cameron's Dark Angel,"
    5.8
  ","
        56%
        ",2.9 stars,#776
Azurik: Rise of Perathia,"
    5.7
  ","
        56%
        ",2.5 stars,#777
Yu-Gi-Oh!: The Dawn of Destiny,"
    5.7
  ","
        48%
        ",3.8 stars,#778
Army Men: Sarge's War,"
    5.8
  ","
        48%
        ",3.9 stars,#779
The Great Escape,"
    5.9
  ","
        56%
        ",3.4 stars,#780
Gravity Games Bike: Street • Vert • Dirt,"
    4.7
  ","
        38%
        ",2.7 stars,#781
American Chopper,"
    5.6
  ","
        48%
        ",3.4 stars,#782
Classified: The Sentinel Crisis,"
    5.6
  ","
        43%
        ",2.6 stars,#783
Zathura,"
    5.5
  ","
        49%
        ",2.6 stars,#784
Bionicle,"
    6.1
  ","
        53%
        ",3.6 stars,#785
Eragon,"
    5.7
  ","
        55%
        ",3.1 stars,#786
Land of the Dead: Road to Fiddler's Green,"
    5.5
  ","
        44%
        ",3.1 stars,#787
Jaws: Unleashed,"
    6.1
  ","
        55%
        ",3.6 stars,#788
AND 1 Streetball,"
    5.6
  ","
        51%
        ",3.6 stars,#789
Tecmo Classic Arcade,"
    5.5
  ","
        51%
        ",4 stars,#790
Hummer: Badlands,"
    5.8
  ","
        44%
        ",3.3 stars,#791
Superman: The Man of Steel,"
    5.5
  ","
        44%
        ",4.1 stars,#792
Iron Phoenix,"
    5.7
  ","
        46%
        ",2.5 stars,#793
The Guy Game,"
    5.2
  ","
        43%
        ",2.9 stars,#794
Red Ninja: End of Honor,"
    5.2
  ","
        46%
        ",3 stars,#795
Backyard Wrestling 2: There Goes the Neighborhood,"
    5.4
  ","
        51%
        ",2.6 stars,#796
Shadow the Hedgehog,"
    5.4
  ","
        48%
        ",3.1 stars,#797
Shrek,"
    5.3
  ","
        45%
        ",3.1 stars,#798
Minority Report: Everybody Runs,"
    5.4
  ","
        50%
        ",2.5 stars,#799
Malice,"
    5.7
  ","
        45%
        ",3.8 stars,#800
Predator: Concrete Jungle,"
    5.3
  ","
        47%
        ",3 stars,#801
Murakumo: Renegade Mech Pursuit,"
    5.3
  ","
        45%
        ",3.5 stars,#802
Star Trek: Shattered Universe,"
    5.3
  ","
        49%
        ",2.6 stars,#803
Metal Dungeon,"
    5.3
  ","
        43%
        ",3.2 stars,#804
Spy vs Spy,"
    5.3
  ","
        46%
        ",3.1 stars,#805
Dino Crisis 3,"
    5.3
  ","
        49%
        ",2.7 stars,#806
Smashing Drive,"
    5.3
  ","
        48%
        ",2.7 stars,#807
The Da Vinci Code,"
    5.4
  ","
        55%
        ",2.4 stars,#808
Bad Boys: Miami Takedown,"
    4.7
  ","
        46%
        ",2.1 stars,#809
RoboCop,"
    5.4
  ","
        39%
        ",3.2 stars,#810
NARC,"
    5.1
  ","
        47%
        ",2.5 stars,#811
Xiaolin Showdown,"
    5.2
  ","
        39%
        ",3.7 stars,#812
25 to Life,"
    4.7
  ","
        42%
        ",2.8 stars,#813
Mob Enforcer,"
    5.2
  ","
        46%
        ",2.5 stars,#814
Catwoman,"
    4.9
  ","
        46%
        ",2.6 stars,#815
Without Warning,"
    4.9
  ","
        42%
        ",3.6 stars,#816
Army Men: Major Malfunction,"
    5.1
  ","
        28%
        ",3.2 stars,#817
Sneakers,"
    4.7
  ","
        28%
        ",2.3 stars,#818
Charlie and the Chocolate Factory,"
    4.2
  ","
        38%
        ",2.4 stars,#819
Pulse Racer,"
    4.6
  ","
        28%
        ",1.4 stars,#820
Torino 2006,"
    5.0
  ","
        45%
        ",3.3 stars,#821
"Final Fight: ""Streetwise""","
    4.6
  ","
        40%
        ",2.8 stars,#822
Bruce Lee: Quest of the Dragon,"
    4.4
  ","
        39%
        ",2.4 stars,#823
Stake: Fortune Fighters,"
    4.4
  ","
        28%
        ",2 stars,#824
Kabuki Warriors,"
    4.4
  ","
        27%
        ",1.9 stars,#825
MTV Celebrity Deathmatch,"
    4.5
  ","
        36%
        ",2.9 stars,#826
Crime Life: Gang Wars,"
    4.4
  ","
        36%
        ",3.1 stars,#827
Batman: Dark Tomorrow,"
    3.7
  ","
        30%
        ",2 stars,#828
Fight Club,"
    4.1
  ","
        36%
        ",2.4 stars,#829
Terminator 3: Rise of the Machines,"
    4.1
  ","
        36%
        ",2.3 stars,#830
Drake of the 99 Dragons,"
    4.2
  ","
        24%
        ",2.4 stars,#831
Aquaman: Battle for Atlantis,"
    3.1
  ","
        24%
        ",1.2 stars,#832
2 Games in 1: Shrek 2 / Shark Tale,"
    n/a
  ",1 players,,N/A
2 in 1 Combo Pack: Sonic Heroes & Super Monkey Ball Deluxe,"
    n/a
  ",1 players,,N/A
2 in 1 Combo Pack: Sonic Mega Collection Plus & Super Monkey Ball Deluxe,"
    n/a
  ",1 players,,N/A
AFL Live 2003,"
    n/a
  ","
        73%
        ",3.2 stars,N/A
AFL Live 2004,"
    n/a
  ","
        64%
        ",2 stars,N/A
AFL Live: Premiership Edition,"
    n/a
  ","
        39%
        ",2.8 stars,N/A
AFL Premiership 2005,"
    n/a
  ","
        51%
        ",3 stars,N/A
America's Army: Rise of a Soldier (Special Edition),"
    n/a
  ",1 players,,N/A
American Chopper 2: Full Throttle,"
    6.2
  ","
        54%
        ",3.1 stars,N/A
AMF Bowling 2004,"
    n/a
  ","
        40%
        ",2.2 stars,N/A
AMF Xtreme Bowling,"
    n/a
  ","
        30%
        ",2.3 stars,N/A
Angelic Concert,"
    n/a
  ",2 players,,N/A
Animaniacs: The Great Edgar Hunt,"
    6.5
  ","
        61%
        ",3.9 stars,N/A
Aoi Namida (Shokaiban),"
    n/a
  ",2 players,,N/A
AstroPop Deluxe,"
    7.4
  ","
        79%
        ",3.5 stars,N/A
Barbarian,"
    6.2
  ","
        58%
        ",,N/A
Bass Pro Shops: Trophy Bass 2007,"
    n/a
  ",1 players,,N/A
Bass Pro Shops: Trophy Hunter 2007,"
    n/a
  ",1 players,,N/A
Beats of Rage,"
    7.4
  ","
        77%
        ",3.7 stars,N/A
Bejeweled: Deluxe,"
    7.1
  ","
        76%
        ",3.4 stars,N/A
Biniax 2,"
    n/a
  ","
        
  
    
  
  ",3 stars,N/A
Bistro Cupid (Doki Doki Recipe Box),"
    n/a
  ",1 players,,N/A
Breeders' Cup World Thoroughbred Championships,"
    5.8
  ","
        47%
        ",2.8 stars,N/A
Brian Lara International Cricket 2005,"
    7.5
  ","
        77%
        ",3.8 stars,N/A
Cabela's Big Game Hunter 2005 Adventures,"
    6.9
  ","
        69%
        ",3.2 stars,N/A
Cabela's Dangerous Hunts,"
    6.5
  ","
        60%
        ",3.4 stars,N/A
Cabela's Dangerous Hunts 2,"
    6.6
  ","
        59%
        ",4.1 stars,N/A
Cabela's Deer Hunt: 2004 Season,"
    n/a
  ","
        74%
        ",3.1 stars,N/A
Cabela's Deer Hunt: 2005 Season,"
    6.9
  ","
        67%
        ",3.6 stars,N/A
Cabela's Outdoor Adventures,"
    n/a
  ",2 players,,N/A
Call of Duty 2: Big Red One (Collector's Edition),"
    n/a
  ","
        
  
    
  
  ",4.8 stars,N/A
Castle Shikigami 2,"
    6.6
  ","
        69%
        ",3.1 stars,N/A
Castle Shikigami II (Limited Edition),"
    n/a
  ",1 players,,N/A
Championship Bowling,"
    n/a
  ",1 players,,N/A
Championship Manager 2006,"
    n/a
  ","
        68%
        ",,N/A
Championship Manager 5,"
    5.9
  ","
        49%
        ",3.3 stars,N/A
Championship Manager: Season 02/03,"
    n/a
  ","
        93%
        ",4.7 stars,N/A
Chessmaster 10th Edition,"
    7.9
  ","
        83%
        ",4.4 stars,N/A
Codename: Kids Next Door - Operation: V.I.D.E.O.G.A.M.E.,"
    6.0
  ","
        51%
        ",3.6 stars,N/A
Combat★Elite: WWII Paratroopers,"
    n/a
  ","
        60%
        ",3.3 stars,N/A
Conspiracy: Weapons of Mass Destruction,"
    4.1
  ","
        31%
        ",2.2 stars,N/A
Corvette,"
    6.1
  ","
        59%
        ",2.8 stars,N/A
Crash Superpack: 2 Super Games - Crash Nitro Kart / Crash Bandicoot: The Wrath of Cortex,"
    n/a
  ",,,N/A
Cricket 2005,"
    6.3
  ","
        53%
        ",3.6 stars,N/A
Cupid Bistro!!,"
    n/a
  ",3 players,,N/A
Cupid Bistro!! 2,"
    n/a
  ",2 players,,N/A
Curious George,"
    6.3
  ","
        58%
        ",2.3 stars,N/A
Daemon Vector,"
    4.7
  ","
        38%
        ",1.6 stars,N/A
Dakar 2: The World's Ultimate Rally,"
    6.4
  ","
        59%
        ",3.5 stars,N/A
Dance:UK,"
    n/a
  ","
        65%
        ",2.6 stars,N/A
Dennou Taisen DroneZ,"
    n/a
  ","
        76%
        ",,N/A
Digimon World 4,"
    6.5
  ","
        51%
        ",5 stars,N/A
Dino and Aliens,"
    6.7
  ","
        66%
        ",2.8 stars,N/A
"Disney/Pixar Finding Nemo / Disney presents a Pixar film, The Incredibles: Double Pack","
    n/a
  ",1 players,,N/A
Disney•Pixar Ratatouille,"
    6.7
  ","
        63%
        ",4.2 stars,N/A
Doom³ (Limited Collector's Edition),"
    n/a
  ","
        100%
        ",3.4 stars,N/A
Double S.T.E.A.L: The Second Clash,"
    n/a
  ","
        
  
    
  
  ",4.4 stars,N/A
Dr. Seuss' The Cat in the Hat,"
    6.0
  ","
        55%
        ",3.3 stars,N/A
Drihoo,"
    n/a
  ",3 players,,N/A
England International Football,"
    n/a
  ","
        56%
        ",,N/A
Escape 03,"
    n/a
  ",1 players,,N/A
ESPN MLS ExtraTime 2002,"
    n/a
  ","
        68%
        ",,N/A
ESPN NBA 2Night 2002,"
    6.2
  ","
        59%
        ",3.2 stars,N/A
Evil Dead (Special Movie Edition),"
    n/a
  ",4 players,,N/A
Exaskeleton,"
    n/a
  ","
        
  
    
  
  ",3 stars,N/A
Fable (Preorder Edition),"
    n/a
  ",2 players,,N/A
First Battalion,"
    6.3
  ","
        60%
        ",3.2 stars,N/A
Flight Academy,"
    n/a
  ",3 players,,N/A
Ford Vs. Chevy,"
    n/a
  ","
        56%
        ",3.7 stars,N/A
Freestyle Street Soccer,"
    5.6
  ","
        52%
        ",2.9 stars,N/A
Frogger Beyond,"
    5.6
  ","
        63%
        ",2 stars,N/A
Furious Karting,"
    n/a
  ","
        67%
        ",4 stars,N/A
Gene Troopers,"
    5.2
  ","
        48%
        ",2.5 stars,N/A
Gotcha! Extreme Paintball,"
    5.9
  ","
        56%
        ",2.5 stars,N/A
Grand Theft Auto: The Trilogy,"
    7.5
  ","
        100%
        ",3.7 stars,N/A
Guilty Gear Isuka,"
    6.7
  ","
        63%
        ",3.7 stars,N/A
Halo Triple Pack,"
    n/a
  ","
        
  
    
  
  ",2.5 stars,N/A
Hardwood Solitaire III,"
    n/a
  ",2 players,,N/A
Hello Kitty: Roller Rescue,"
    6.5
  ","
        62%
        ",3.4 stars,N/A
High Rollers Casino,"
    n/a
  ",2 players,,N/A
IHRA Drag Racing 2004,"
    n/a
  ","
        36%
        ",3.1 stars,N/A
IHRA Drag Racing: Sportsman Edition,"
    n/a
  ",2 players,,N/A
IHRA Professional Drag Racing 2005,"
    n/a
  ","
        41%
        ",3.3 stars,N/A
Innocent Tears,"
    n/a
  ",8 players,,N/A
Jacked,"
    5.4
  ","
        46%
        ",2.7 stars,N/A
Knights of the Temple II,"
    6.5
  ","
        62%
        ",3.4 stars,N/A
l'Abbaye des Morts,"
    n/a
  ","
        85%
        ",,N/A
Largo Winch: Empire Under Threat,"
    6.6
  ","
        65%
        ",3.4 stars,N/A
Le Tour de France,"
    6.0
  ","
        59%
        ",2.2 stars,N/A
Leisure Suit Larry: Magna Cum Laude (Uncut and Uncensored!),"
    6.4
  ","
        61%
        ",3.3 stars,N/A
LMA Manager 2003,"
    7.3
  ","
        75%
        ",,N/A
Madden NFL 08,"
    7.6
  ","
        77%
        ",3.9 stars,N/A
Madden NFL 09,"
    7.3
  ","
        76%
        ",,N/A
Magatama,"
    n/a
  ",6 players,,N/A
Magi Death Fight!,"
    n/a
  ",2 players,,N/A
Major League Baseball 2K5: World Series 05 Edition,"
    n/a
  ",2 players,,N/A
Major League Baseball 2K7,"
    7.4
  ","
        75%
        ",,N/A
Manchester United Manager 2005,"
    n/a
  ",2 players,,N/A
Marble Blast,"
    7.1
  ","
        70%
        ",3.9 stars,N/A
Marc Ecko's Getting Up: Contents Under Pressure (Limited Edition),"
    n/a
  ",8 players,,N/A
MechAssault 2: Lone Wolf (Limited Edition),"
    n/a
  ","
        
  
    
  
  ",4 stars,N/A
Melbourne Cup Challenge,"
    n/a
  ","
        
  
    
  
  ",4 stars,N/A
Metal Slug 4,"
    7.6
  ","
        67%
        ",4 stars,N/A
Metal Slug 5,"
    7.7
  ","
        66%
        ",4.2 stars,N/A
Metal Wolf Chaos,"
    n/a
  ","
        60%
        ",4.7 stars,N/A
Miami Vice,"
    4.6
  ","
        30%
        ",3.7 stars,N/A
Mobile Light Force 2,"
    6.3
  ","
        59%
        ",3.4 stars,N/A
Mojo!,"
    6.3
  ","
        57%
        ",,N/A
Monster Garage,"
    n/a
  ","
        43%
        ",3.1 stars,N/A
Mortal Kombat: Deception - Premium Pack,"
    7.2
  ","
        
  
    
  
  ",3.6 stars,N/A
Ms. Pac-Man,"
    7.1
  ","
        73%
        ",3.5 stars,N/A
MTV: Music Generator 3,"
    n/a
  ","
        63%
        ",,N/A
Mutant Storm,"
    8.4
  ","
        88%
        ",4.5 stars,N/A
N.U.D.E.@: Natural Ultimate Digital Experiment,"
    n/a
  ",7 players,,N/A
Namco Vintage,"
    n/a
  ","
        50%
        ",,N/A
NBA Starting Five,"
    n/a
  ",2 players,,N/A
NCAA Football 08,"
    7.9
  ","
        81%
        ",,N/A
NCAA Football 2005 / Top Spin,"
    n/a
  ",7 players,,N/A
Need for Speed: Most Wanted (Black Edition),"
    7.4
  ","
        
  
    
  
  ",3.8 stars,N/A
Neighbors from Hell,"
    6.2
  ","
        55%
        ",3 stars,N/A
Nickelodeon Party Blast,"
    n/a
  ","
        24%
        ",2.4 stars,N/A
Nobunaga no Yabō: Ranseiki,"
    n/a
  ",2 players,,N/A
NRL Rugby League,"
    n/a
  ","
        
  
    
  
  ",0.9 stars,N/A
Outlaw Golf: 9 More Holes of X-Mas,"
    n/a
  ",13 players,,N/A
Outlaw Golf: Holiday Golf,"
    n/a
  ",8 players,,N/A
Outlaw Volleyball: Red Hot,"
    n/a
  ",13 players,,N/A
Pilot Down: Behind Enemy Lines,"
    5.6
  ","
        50%
        ",2.8 stars,N/A
Plus Plumb 2,"
    n/a
  ",1 players,,N/A
Pool:shark 2,"
    6.7
  ","
        65%
        ",3 stars,N/A
Pro Cast: Sports Fishing Game,"
    n/a
  ",2 players,,N/A
Pro Fishing Challenge,"
    n/a
  ",2 players,,N/A
Pro Pinball: Trilogy,"
    7.1
  ","
        69%
        ",3.7 stars,N/A
Psyvariar 2,"
    n/a
  ","
        87%
        ",4 stars,N/A
Pump It Up: Exceed,"
    7.4
  ","
        76%
        ",,N/A
R/C Helicopter: Indoor Flight Simulation,"
    6.3
  ","
        54%
        ",3.4 stars,N/A
Rent A Hero No. 1,"
    6.9
  ","
        72%
        ",2.7 stars,N/A
Ricochet: Lost Worlds,"
    7.2
  ","
        74%
        ",3.6 stars,N/A
Robot Wars: Extreme Destruction,"
    n/a
  ","
        55%
        ",2.6 stars,N/A
Robotech: Battlecry (Collector's Edition),"
    n/a
  ","
        
  
    
  
  ",3 stars,N/A
Rolling,"
    6.0
  ","
        49%
        ",3 stars,N/A
Room Zoom: Race for Impact,"
    n/a
  ","
        30%
        ",,N/A
Rugby Challenge 2006,"
    n/a
  ",3 players,,N/A
Rugby League 2,"
    n/a
  ","
        75%
        ",3.8 stars,N/A
Sega GT 2002 / JSRF: Jet Set Radio Future,"
    n/a
  ","
        
  
    
  
  ",3.6 stars,N/A
Shamu's Deep Sea Adventures,"
    n/a
  ","
        34%
        ",3.4 stars,N/A
Shin Megami Tensei Nine,"
    n/a
  ","
        
  
    
  
  ",2.4 stars,N/A
Shrek 2 VS 212 Fragrance,"
    n/a
  ",1 players,,N/A
Star Wars: The Clone Wars / Tetris Worlds,"
    n/a
  ",16 players,,N/A
Super Bubble Pop,"
    6.1
  ","
        55%
        ",3.2 stars,N/A
Super Collapse! II,"
    7.2
  ","
        70%
        ",4.1 stars,N/A
Super Mario War,"
    n/a
  ",,,N/A
Taito Legends 2,"
    7.3
  ","
        75%
        ",3.5 stars,N/A
Teen Titans,"
    6.6
  ","
        61%
        ",3.9 stars,N/A
Tenerezza,"
    n/a
  ","
        
  
    
  
  ",4.6 stars,N/A
The Beast,"
    n/a
  ",,,N/A
The Bible Game,"
    n/a
  ","
        62%
        ",,N/A
The Fairly OddParents!: Breakin' da Rules,"
    6.4
  ","
        54%
        ",3.9 stars,N/A
The Godfather (Limited Edition),"
    n/a
  ","
        
  
    
  
  ",2.5 stars,N/A
The Hustle: Detroit Streets,"
    6.0
  ","
        57%
        ",3 stars,N/A
The King of Fighters 2002: Challenge to Ultimate Battle,"
    7.3
  ","
        78%
        ",3.7 stars,N/A
The King of Fighters 2003,"
    7.3
  ","
        78%
        ",3.5 stars,N/A
The Legend of Spyro: A New Beginning,"
    6.9
  ","
        63%
        ",4.5 stars,N/A
The Wild Rings,"
    n/a
  ",2 players,,N/A
ThinkTanks,"
    7.1
  ","
        75%
        ",2.7 stars,N/A
Thousand Land,"
    n/a
  ",2 players,,N/A
Tom and Jerry in War of the Whiskers,"
    6.5
  ","
        59%
        ",3.7 stars,N/A
Tom Clancy's Classic Trilogy,"
    n/a
  ","
        80%
        ",4 stars,N/A
Tom Clancy's Splinter Cell: Chaos Theory (Limited Collector's Edition),"
    6.9
  ","
        98%
        ",3.3 stars,N/A
Total Club Manager 2004,"
    7.6
  ","
        78%
        ",4 stars,N/A
Total Club Manager 2005,"
    7.7
  ","
        78%
        ",4.5 stars,N/A
Triangle Again,"
    n/a
  ",3 players,,N/A
Triangle Again 2,"
    n/a
  ",3 players,,N/A
Trigger Man,"
    5.0
  ","
        29%
        ",2.2 stars,N/A
True Crime: New York City (Collector's Edition),"
    n/a
  ","
        
  
    
  
  ",4 stars,N/A
Ultra Bust-a-Move,"
    n/a
  ","
        67%
        ",,N/A
Virtual Pool: Tournament Edition,"
    n/a
  ",1 players,,N/A
Volvo: Drive For Life,"
    n/a
  ","
        
  
    
  
  ",3 stars,N/A
WCR: World Championship Rugby,"
    6.9
  ","
        68%
        ",3.4 stars,N/A
Whiteout,"
    5.6
  ","
        48%
        ",3.6 stars,N/A
World Championship Snooker 2003,"
    7.2
  ","
        77%
        ",2.6 stars,N/A
World Poker Tour,"
    6.5
  ","
        63%
        ",3.5 stars,N/A
World War II Combat: Iwo Jima,"
    4.3
  ","
        26%
        ",2 stars,N/A
World War II Combat: Road to Berlin,"
    4.9
  ","
        24%
        ",2.7 stars,N/A
WTA Tour Tennis,"
    5.9
  ","
        53%
        ",2.8 stars,N/A
Yetisports: Arctic Adventures,"
    n/a
  ","
        30%
        ",,N/A
Yourself!Fitness,"
    n/a
  ","
        71%
        ",2 stars,N/A
Zuma Deluxe,"
    7.5
  ","
        79%
        ",3.7 stars,N/A
